<datapower-configuration version="3"><export-details><description>Exported Configuration</description><user>admin</user><domain>GTBLAB</domain><comment/><product-id>5725</product-id><product>IDG</product><display-product>IDG</display-product><model>IBM DataPower Gateway</model><display-model>IBM DataPower Gateway</display-model><device-name>IBM DataPower Gateway</device-name><serial-number>0000000</serial-number><firmware-version>IDG.7.6.0.6</firmware-version><display-firmware-version>IDG.7.6.0.6</display-firmware-version><firmware-build>297431</firmware-build><firmware-timestamp>2018/03/11 23:10:37</firmware-timestamp><current-date>2020-03-28</current-date><current-time>14:30:03 EDT</current-time><reset-date>2020-03-28</reset-date><reset-time>11:43:57 EDT</reset-time><login-message/><custom-ui-file/></export-details><interface-data><interface name="eth0" type="Ethernet" vers="ipv4" ip-addr="192.168.64.128"/><interface name="eth1" type="Ethernet" vers="ipv4" ip-addr="192.168.64.129"/><interface name="eth2" type="Ethernet" vers="ipv4" ip-addr="192.168.64.130"/><interface name="eth3" type="Ethernet" vers="ipv4" ip-addr="192.168.64.131"/></interface-data><configuration domain="GTBLAB"><DomainSettings name="default" intrinsic="true" xmlns:env="http://www.w3.org/2003/05/soap-envelope" xmlns:dp="http://www.datapower.com/schemas/management">
<mAdminState>enabled</mAdminState>
<PasswordTreatment>none</PasswordTreatment></DomainSettings><PasswordAlias name="api.ssl.pass" xmlns:env="http://www.w3.org/2003/05/soap-envelope" xmlns:dp="http://www.datapower.com/schemas/management">
<mAdminState>enabled</mAdminState>
<DomainSettings class="DomainSettings">default</DomainSettings></PasswordAlias><CryptoKey name="api.ssl.crypk" xmlns:env="http://www.w3.org/2003/05/soap-envelope" xmlns:dp="http://www.datapower.com/schemas/management">
<mAdminState>enabled</mAdminState>
<Filename>cert:///DEV_API_SSLDPMC.p12</Filename>
<PasswordAlias>on</PasswordAlias>
<Alias class="PasswordAlias">api.ssl.pass</Alias></CryptoKey><CryptoCertificate name="api.ssl.crypc" xmlns:env="http://www.w3.org/2003/05/soap-envelope" xmlns:dp="http://www.datapower.com/schemas/management">
<mAdminState>enabled</mAdminState>
<Filename>cert:///DEV_API_SSLDPMC.cer</Filename>
<PasswordAlias>off</PasswordAlias>
<IgnoreExpiration>off</IgnoreExpiration></CryptoCertificate><CryptoIdentCred name="api.ssl.identred" xmlns:env="http://www.w3.org/2003/05/soap-envelope" xmlns:dp="http://www.datapower.com/schemas/management">
<mAdminState>enabled</mAdminState>
<Key class="CryptoKey">api.ssl.crypk</Key>
<Certificate class="CryptoCertificate">api.ssl.crypc</Certificate></CryptoIdentCred><CryptoCertificate name="cardtomc.ssl.crypc" xmlns:env="http://www.w3.org/2003/05/soap-envelope" xmlns:dp="http://www.datapower.com/schemas/management">
<mAdminState>enabled</mAdminState>
<Filename>cert:///DEV_API_SSLDPMC.cer</Filename>
<PasswordAlias>off</PasswordAlias>
<IgnoreExpiration>off</IgnoreExpiration></CryptoCertificate><CryptoCertificate name="card.ssl.crypc" xmlns:env="http://www.w3.org/2003/05/soap-envelope" xmlns:dp="http://www.datapower.com/schemas/management">
<mAdminState>enabled</mAdminState>
<Filename>cert:///DEV_API_SSLSBDP.cer</Filename>
<PasswordAlias>off</PasswordAlias>
<IgnoreExpiration>off</IgnoreExpiration></CryptoCertificate><CryptoValCred name="cardtomc.ssl.valcred" xmlns:env="http://www.w3.org/2003/05/soap-envelope" xmlns:dp="http://www.datapower.com/schemas/management">
<mAdminState>enabled</mAdminState>
<Certificate class="CryptoCertificate">cardtomc.ssl.crypc</Certificate>
<Certificate class="CryptoCertificate">card.ssl.crypc</Certificate>
<CertValidationMode>legacy</CertValidationMode>
<UseCRL>on</UseCRL>
<RequireCRL>off</RequireCRL>
<CRLDPHandling>ignore</CRLDPHandling>
<InitialPolicySet>2.5.29.32.0</InitialPolicySet>
<ExplicitPolicy>off</ExplicitPolicy>
<CheckDates>on</CheckDates></CryptoValCred><SSLServerProfile name="api.ssl.sprofile" xmlns:env="http://www.w3.org/2003/05/soap-envelope" xmlns:dp="http://www.datapower.com/schemas/management">
<mAdminState>enabled</mAdminState>
<Protocols>
<SSLv3>off</SSLv3>
<TLSv1d0>off</TLSv1d0>
<TLSv1d1>off</TLSv1d1>
<TLSv1d2>on</TLSv1d2></Protocols>
<Ciphers>ECDHE_ECDSA_WITH_AES_256_GCM_SHA384</Ciphers>
<Ciphers>ECDHE_RSA_WITH_AES_256_GCM_SHA384</Ciphers>
<Ciphers>ECDHE_ECDSA_WITH_AES_256_CBC_SHA384</Ciphers>
<Ciphers>ECDHE_RSA_WITH_AES_256_CBC_SHA384</Ciphers>
<Ciphers>ECDHE_ECDSA_WITH_AES_256_CBC_SHA</Ciphers>
<Ciphers>ECDHE_RSA_WITH_AES_256_CBC_SHA</Ciphers>
<Ciphers>DHE_DSS_WITH_AES_256_GCM_SHA384</Ciphers>
<Ciphers>DHE_RSA_WITH_AES_256_GCM_SHA384</Ciphers>
<Ciphers>DHE_RSA_WITH_AES_256_CBC_SHA256</Ciphers>
<Ciphers>DHE_DSS_WITH_AES_256_CBC_SHA256</Ciphers>
<Ciphers>DHE_RSA_WITH_AES_256_CBC_SHA</Ciphers>
<Ciphers>DHE_DSS_WITH_AES_256_CBC_SHA</Ciphers>
<Ciphers>RSA_WITH_AES_256_GCM_SHA384</Ciphers>
<Ciphers>RSA_WITH_AES_256_CBC_SHA256</Ciphers>
<Ciphers>RSA_WITH_AES_256_CBC_SHA</Ciphers>
<Ciphers>ECDHE_ECDSA_WITH_AES_128_GCM_SHA256</Ciphers>
<Ciphers>ECDHE_RSA_WITH_AES_128_GCM_SHA256</Ciphers>
<Ciphers>ECDHE_ECDSA_WITH_AES_128_CBC_SHA256</Ciphers>
<Ciphers>ECDHE_RSA_WITH_AES_128_CBC_SHA256</Ciphers>
<Ciphers>ECDHE_ECDSA_WITH_AES_128_CBC_SHA</Ciphers>
<Ciphers>ECDHE_RSA_WITH_AES_128_CBC_SHA</Ciphers>
<Ciphers>DHE_DSS_WITH_AES_128_GCM_SHA256</Ciphers>
<Ciphers>DHE_RSA_WITH_AES_128_GCM_SHA256</Ciphers>
<Ciphers>DHE_RSA_WITH_AES_128_CBC_SHA256</Ciphers>
<Ciphers>DHE_DSS_WITH_AES_128_CBC_SHA256</Ciphers>
<Ciphers>DHE_RSA_WITH_AES_128_CBC_SHA</Ciphers>
<Ciphers>DHE_DSS_WITH_AES_128_CBC_SHA</Ciphers>
<Ciphers>RSA_WITH_AES_128_GCM_SHA256</Ciphers>
<Ciphers>RSA_WITH_AES_128_CBC_SHA256</Ciphers>
<Ciphers>RSA_WITH_AES_128_CBC_SHA</Ciphers>
<Ciphers>ECDHE_ECDSA_WITH_3DES_EDE_CBC_SHA</Ciphers>
<Ciphers>ECDHE_RSA_WITH_3DES_EDE_CBC_SHA</Ciphers>
<Ciphers>DHE_RSA_WITH_3DES_EDE_CBC_SHA</Ciphers>
<Ciphers>DHE_DSS_WITH_3DES_EDE_CBC_SHA</Ciphers>
<Ciphers>RSA_WITH_3DES_EDE_CBC_SHA</Ciphers>
<Idcred class="CryptoIdentCred">api.ssl.identred</Idcred>
<RequestClientAuth>on</RequestClientAuth>
<RequireClientAuth>on</RequireClientAuth>
<ValidateClientCert>on</ValidateClientCert>
<SendClientAuthCAList>on</SendClientAuthCAList>
<Valcred class="CryptoValCred">cardtomc.ssl.valcred</Valcred>
<Caching>on</Caching>
<CacheTimeout>300</CacheTimeout>
<CacheSize>20</CacheSize>
<SSLOptions>
<max-duration>off</max-duration>
<max-renegotiation>off</max-renegotiation></SSLOptions>
<MaxSSLDuration>60</MaxSSLDuration>
<NumberOfRenegotiationAllowed>0</NumberOfRenegotiationAllowed>
<ProhibitResumeOnReneg>off</ProhibitResumeOnReneg>
<Compression>off</Compression>
<AllowLegacyRenegotiation>off</AllowLegacyRenegotiation>
<PreferServerCiphers>on</PreferServerCiphers>
<EllipticCurves>secp521r1</EllipticCurves>
<EllipticCurves>secp384r1</EllipticCurves>
<EllipticCurves>secp256k1</EllipticCurves>
<EllipticCurves>secp256r1</EllipticCurves></SSLServerProfile><HTTPSSourceProtocolHandler name="HTTPS_9120" xmlns:env="http://www.w3.org/2003/05/soap-envelope" xmlns:dp="http://www.datapower.com/schemas/management">
<mAdminState>enabled</mAdminState>
<LocalAddress>nat.sandbox</LocalAddress>
<LocalPort>9120</LocalPort>
<HTTPVersion>HTTP/1.1</HTTPVersion>
<AllowedFeatures>
<HTTP-1.0>on</HTTP-1.0>
<HTTP-1.1>on</HTTP-1.1>
<HTTP-2.0>on</HTTP-2.0>
<POST>on</POST>
<GET>on</GET>
<PUT>on</PUT>
<HEAD>on</HEAD>
<OPTIONS>off</OPTIONS>
<TRACE>off</TRACE>
<DELETE>on</DELETE>
<CONNECT>off</CONNECT>
<CustomMethods>off</CustomMethods>
<QueryString>on</QueryString>
<FragmentIdentifiers>on</FragmentIdentifiers>
<DotDot>off</DotDot>
<CmdExe>off</CmdExe></AllowedFeatures>
<PersistentConnections>on</PersistentConnections>
<MaxPersistentConnectionsReuse>0</MaxPersistentConnectionsReuse>
<AllowCompression>off</AllowCompression>
<AllowWebSocketUpgrade>off</AllowWebSocketUpgrade>
<WebSocketIdleTimeout>0</WebSocketIdleTimeout>
<MaxURLLen>16384</MaxURLLen>
<MaxTotalHdrLen>128000</MaxTotalHdrLen>
<MaxHdrCount>0</MaxHdrCount>
<MaxNameHdrLen>0</MaxNameHdrLen>
<MaxValueHdrLen>0</MaxValueHdrLen>
<MaxQueryStringLen>0</MaxQueryStringLen>
<CredentialCharset>protocol</CredentialCharset>
<SSLServerConfigType>server</SSLServerConfigType>
<SSLServer class="SSLServerProfile">api.ssl.sprofile</SSLServer>
<HTTP2MaxStreams>100</HTTP2MaxStreams>
<HTTP2MaxFrameSize>16384</HTTP2MaxFrameSize>
<HTTP2StreamHeader>off</HTTP2StreamHeader></HTTPSSourceProtocolHandler><HTTPSourceProtocolHandler name="HTTP_9119" xmlns:env="http://www.w3.org/2003/05/soap-envelope" xmlns:dp="http://www.datapower.com/schemas/management">
<mAdminState>enabled</mAdminState>
<LocalAddress>nat.sandbox</LocalAddress>
<LocalPort>9119</LocalPort>
<HTTPVersion>HTTP/1.1</HTTPVersion>
<AllowedFeatures>
<HTTP-1.0>on</HTTP-1.0>
<HTTP-1.1>on</HTTP-1.1>
<HTTP-2.0>on</HTTP-2.0>
<POST>on</POST>
<GET>on</GET>
<PUT>on</PUT>
<HEAD>on</HEAD>
<OPTIONS>off</OPTIONS>
<TRACE>off</TRACE>
<DELETE>on</DELETE>
<CONNECT>off</CONNECT>
<CustomMethods>off</CustomMethods>
<QueryString>on</QueryString>
<FragmentIdentifiers>on</FragmentIdentifiers>
<DotDot>off</DotDot>
<CmdExe>off</CmdExe></AllowedFeatures>
<PersistentConnections>on</PersistentConnections>
<MaxPersistentConnectionsReuse>0</MaxPersistentConnectionsReuse>
<AllowCompression>off</AllowCompression>
<AllowWebSocketUpgrade>off</AllowWebSocketUpgrade>
<WebSocketIdleTimeout>0</WebSocketIdleTimeout>
<MaxURLLen>16384</MaxURLLen>
<MaxTotalHdrLen>128000</MaxTotalHdrLen>
<MaxHdrCount>0</MaxHdrCount>
<MaxNameHdrLen>0</MaxNameHdrLen>
<MaxValueHdrLen>0</MaxValueHdrLen>
<MaxQueryStringLen>0</MaxQueryStringLen>
<CredentialCharset>protocol</CredentialCharset>
<HTTP2MaxStreams>100</HTTP2MaxStreams>
<HTTP2MaxFrameSize>16384</HTTP2MaxFrameSize>
<HTTP2StreamHeader>off</HTTP2StreamHeader></HTTPSourceProtocolHandler><HTTPUserAgent name="default" intrinsic="true" xmlns:env="http://www.w3.org/2003/05/soap-envelope" xmlns:dp="http://www.datapower.com/schemas/management">
<mAdminState>enabled</mAdminState>
<UserSummary>Default User Agent</UserSummary>
<MaxRedirects>8</MaxRedirects>
<Timeout>300</Timeout></HTTPUserAgent><XMLManager name="API.xml.manager" xmlns:env="http://www.w3.org/2003/05/soap-envelope" xmlns:dp="http://www.datapower.com/schemas/management">
<mAdminState>enabled</mAdminState>
<CacheSize>256</CacheSize>
<SHA1Caching>on</SHA1Caching>
<StaticDocumentCalls>on</StaticDocumentCalls>
<SearchResults>on</SearchResults>
<SupportTxWarn>off</SupportTxWarn>
<Memoization>on</Memoization>
<ParserLimitsBytesScanned>4194304</ParserLimitsBytesScanned>
<ParserLimitsElementDepth>512</ParserLimitsElementDepth>
<ParserLimitsAttributeCount>128</ParserLimitsAttributeCount>
<ParserLimitsMaxNodeSize>33554432</ParserLimitsMaxNodeSize>
<ParserLimitsForbidExternalReferences>on</ParserLimitsForbidExternalReferences>
<ParserLimitsExternalReferences>forbid</ParserLimitsExternalReferences>
<ParserLimitsMaxPrefixes>1024</ParserLimitsMaxPrefixes>
<ParserLimitsMaxNamespaces>1024</ParserLimitsMaxNamespaces>
<ParserLimitsMaxLocalNames>60000</ParserLimitsMaxLocalNames>
<DocCacheMaxDocs>5000</DocCacheMaxDocs>
<DocCacheSize>0</DocCacheSize>
<DocMaxWrites>32768</DocMaxWrites>
<UserAgent class="HTTPUserAgent">default</UserAgent></XMLManager><SSLClientProfile name="api.ssl.cprofile" xmlns:env="http://www.w3.org/2003/05/soap-envelope" xmlns:dp="http://www.datapower.com/schemas/management">
<mAdminState>enabled</mAdminState>
<Protocols>
<SSLv3>off</SSLv3>
<TLSv1d0>off</TLSv1d0>
<TLSv1d1>off</TLSv1d1>
<TLSv1d2>on</TLSv1d2></Protocols>
<Ciphers>ECDHE_ECDSA_WITH_AES_256_GCM_SHA384</Ciphers>
<Ciphers>ECDHE_RSA_WITH_AES_256_GCM_SHA384</Ciphers>
<Ciphers>ECDHE_ECDSA_WITH_AES_256_CBC_SHA384</Ciphers>
<Ciphers>ECDHE_RSA_WITH_AES_256_CBC_SHA384</Ciphers>
<Ciphers>ECDHE_ECDSA_WITH_AES_256_CBC_SHA</Ciphers>
<Ciphers>ECDHE_RSA_WITH_AES_256_CBC_SHA</Ciphers>
<Ciphers>DHE_DSS_WITH_AES_256_GCM_SHA384</Ciphers>
<Ciphers>DHE_RSA_WITH_AES_256_GCM_SHA384</Ciphers>
<Ciphers>DHE_RSA_WITH_AES_256_CBC_SHA256</Ciphers>
<Ciphers>DHE_DSS_WITH_AES_256_CBC_SHA256</Ciphers>
<Ciphers>DHE_RSA_WITH_AES_256_CBC_SHA</Ciphers>
<Ciphers>DHE_DSS_WITH_AES_256_CBC_SHA</Ciphers>
<Ciphers>RSA_WITH_AES_256_GCM_SHA384</Ciphers>
<Ciphers>RSA_WITH_AES_256_CBC_SHA256</Ciphers>
<Ciphers>RSA_WITH_AES_256_CBC_SHA</Ciphers>
<Ciphers>ECDHE_ECDSA_WITH_AES_128_GCM_SHA256</Ciphers>
<Ciphers>ECDHE_RSA_WITH_AES_128_GCM_SHA256</Ciphers>
<Ciphers>ECDHE_ECDSA_WITH_AES_128_CBC_SHA256</Ciphers>
<Ciphers>ECDHE_RSA_WITH_AES_128_CBC_SHA256</Ciphers>
<Ciphers>ECDHE_ECDSA_WITH_AES_128_CBC_SHA</Ciphers>
<Ciphers>ECDHE_RSA_WITH_AES_128_CBC_SHA</Ciphers>
<Ciphers>DHE_DSS_WITH_AES_128_GCM_SHA256</Ciphers>
<Ciphers>DHE_RSA_WITH_AES_128_GCM_SHA256</Ciphers>
<Ciphers>DHE_RSA_WITH_AES_128_CBC_SHA256</Ciphers>
<Ciphers>DHE_DSS_WITH_AES_128_CBC_SHA256</Ciphers>
<Ciphers>DHE_RSA_WITH_AES_128_CBC_SHA</Ciphers>
<Ciphers>DHE_DSS_WITH_AES_128_CBC_SHA</Ciphers>
<Ciphers>RSA_WITH_AES_128_GCM_SHA256</Ciphers>
<Ciphers>RSA_WITH_AES_128_CBC_SHA256</Ciphers>
<Ciphers>RSA_WITH_AES_128_CBC_SHA</Ciphers>
<Ciphers>ECDHE_ECDSA_WITH_3DES_EDE_CBC_SHA</Ciphers>
<Ciphers>ECDHE_RSA_WITH_3DES_EDE_CBC_SHA</Ciphers>
<Ciphers>DHE_RSA_WITH_3DES_EDE_CBC_SHA</Ciphers>
<Ciphers>DHE_DSS_WITH_3DES_EDE_CBC_SHA</Ciphers>
<Ciphers>RSA_WITH_3DES_EDE_CBC_SHA</Ciphers>
<Idcred class="CryptoIdentCred">api.ssl.identred</Idcred>
<ValidateServerCert>off</ValidateServerCert>
<Caching>on</Caching>
<CacheTimeout>300</CacheTimeout>
<CacheSize>100</CacheSize>
<SSLClientFeatures>
<use-sni>on</use-sni>
<permit-insecure-servers>off</permit-insecure-servers>
<compression>off</compression></SSLClientFeatures>
<EllipticCurves>secp521r1</EllipticCurves>
<EllipticCurves>secp384r1</EllipticCurves>
<EllipticCurves>secp256k1</EllipticCurves>
<EllipticCurves>secp256r1</EllipticCurves>
<UseCustomSNIHostname>no</UseCustomSNIHostname></SSLClientProfile><Matching name="Cambiar" xmlns:env="http://www.w3.org/2003/05/soap-envelope" xmlns:dp="http://www.datapower.com/schemas/management">
<mAdminState>enabled</mAdminState>
<MatchRules>
<Type>url</Type>
<HttpTag/>
<HttpValue/>
<Url>/cambiar</Url>
<ErrorCode/>
<XPATHExpression/>
<Method>default</Method>
<CustomMethod/></MatchRules>
<MatchWithPCRE>off</MatchWithPCRE>
<CombineWithOr>off</CombineWithOr></Matching><PasswordAlias name="api.wss.pass" xmlns:env="http://www.w3.org/2003/05/soap-envelope" xmlns:dp="http://www.datapower.com/schemas/management">
<mAdminState>enabled</mAdminState>
<DomainSettings class="DomainSettings">default</DomainSettings></PasswordAlias><CryptoKey name="api.wss.crypk" xmlns:env="http://www.w3.org/2003/05/soap-envelope" xmlns:dp="http://www.datapower.com/schemas/management">
<mAdminState>enabled</mAdminState>
<Filename>cert:///DEV_API_WSSDPMC.p12</Filename>
<PasswordAlias>on</PasswordAlias>
<Alias class="PasswordAlias">api.wss.pass</Alias></CryptoKey><JOSERecipientIdentifier name="APIRecipient" xmlns:env="http://www.w3.org/2003/05/soap-envelope" xmlns:dp="http://www.datapower.com/schemas/management">
<mAdminState>enabled</mAdminState>
<Type>key</Type>
<Key class="CryptoKey">api.wss.crypk</Key>
<HeaderParam>
<HeaderName>Encrypted</HeaderName>
<HeaderValue>PayLoadEncy</HeaderValue></HeaderParam>
<HeaderParam>
<HeaderName>alg</HeaderName>
<HeaderValue>RSA1_5</HeaderValue></HeaderParam>
<HeaderParam>
<HeaderName>enc</HeaderName>
<HeaderValue>A256CBC-HS512</HeaderValue></HeaderParam></JOSERecipientIdentifier><StylePolicyAction name="APIMockInq_rule_jose-decrypt_0" xmlns:env="http://www.w3.org/2003/05/soap-envelope" xmlns:dp="http://www.datapower.com/schemas/management">
<mAdminState>enabled</mAdminState>
<Type>jose-decrypt</Type>
<Input>INPUT</Input>
<ParseSettingsReference>
<URL/>
<Literal/>
<Default/></ParseSettingsReference>
<ParseMetricsResultType>none</ParseMetricsResultType>
<TransformLanguage>none</TransformLanguage>
<GatewayScriptLocation>store:///js/jose-decrypt.js</GatewayScriptLocation>
<ActionDebug persisted="false">off</ActionDebug>
<Output>decrypt.request</Output>
<NamedInOutLocationType>default</NamedInOutLocationType>
<SSLClientConfigType>proxy</SSLClientConfigType>
<Transactional>off</Transactional>
<SOAPValidation>body</SOAPValidation>
<SQLSourceType>static</SQLSourceType>
<JOSEDecryptType>identifiers</JOSEDecryptType>
<RecipientIdentifier class="JOSERecipientIdentifier">APIRecipient</RecipientIdentifier>
<JWSVerifyStripSignature>on</JWSVerifyStripSignature>
<Asynchronous>off</Asynchronous>
<ResultsMode>first-available</ResultsMode>
<RetryCount>0</RetryCount>
<RetryInterval>1000</RetryInterval>
<MultipleOutputs>off</MultipleOutputs>
<IteratorType>XPATH</IteratorType>
<Timeout>0</Timeout>
<MethodRewriteType>GET</MethodRewriteType>
<MethodType>POST</MethodType>
<MethodType2>POST</MethodType2></StylePolicyAction><CryptoCertificate name="cardtomc.wss.crypc" xmlns:env="http://www.w3.org/2003/05/soap-envelope" xmlns:dp="http://www.datapower.com/schemas/management">
<mAdminState>enabled</mAdminState>
<Filename>cert:///DEV_API_WSSDPMC.cer</Filename>
<PasswordAlias>off</PasswordAlias>
<IgnoreExpiration>off</IgnoreExpiration></CryptoCertificate><StylePolicyAction name="APIMockInq_rule_jose-verify_0" xmlns:env="http://www.w3.org/2003/05/soap-envelope" xmlns:dp="http://www.datapower.com/schemas/management">
<mAdminState>enabled</mAdminState>
<Type>jose-verify</Type>
<Input>decrypt.request</Input>
<ParseSettingsReference>
<URL/>
<Literal/>
<Default/></ParseSettingsReference>
<ParseMetricsResultType>none</ParseMetricsResultType>
<TransformLanguage>none</TransformLanguage>
<GatewayScriptLocation>store:///js/jose-verify.js</GatewayScriptLocation>
<ActionDebug persisted="false">off</ActionDebug>
<Output>verify.request</Output>
<NamedInOutLocationType>default</NamedInOutLocationType>
<SSLClientConfigType>proxy</SSLClientConfigType>
<Transactional>off</Transactional>
<SOAPValidation>body</SOAPValidation>
<SQLSourceType>static</SQLSourceType>
<JOSEVerifyType>single-cert</JOSEVerifyType>
<SingleCertificate class="CryptoCertificate">cardtomc.wss.crypc</SingleCertificate>
<JWSVerifyStripSignature>on</JWSVerifyStripSignature>
<Asynchronous>off</Asynchronous>
<ResultsMode>first-available</ResultsMode>
<RetryCount>0</RetryCount>
<RetryInterval>1000</RetryInterval>
<MultipleOutputs>off</MultipleOutputs>
<IteratorType>XPATH</IteratorType>
<Timeout>0</Timeout>
<MethodRewriteType>GET</MethodRewriteType>
<MethodType>POST</MethodType>
<MethodType2>POST</MethodType2></StylePolicyAction><StylePolicyAction name="APIMockInq_rule_validate_1" xmlns:env="http://www.w3.org/2003/05/soap-envelope" xmlns:dp="http://www.datapower.com/schemas/management">
<mAdminState>enabled</mAdminState>
<Type>validate</Type>
<Input>verify.request</Input>
<ParseSettingsReference>
<URL/>
<Literal/>
<Default/></ParseSettingsReference>
<ParseMetricsResultType>none</ParseMetricsResultType>
<TransformLanguage>none</TransformLanguage>
<ActionDebug persisted="false">off</ActionDebug>
<Output>validation.request</Output>
<NamedInOutLocationType>default</NamedInOutLocationType>
<JSONSchemaURL>local:///services/APICardAdminInq/js/APICardSchema.json</JSONSchemaURL>
<SSLClientConfigType>proxy</SSLClientConfigType>
<Transactional>off</Transactional>
<SOAPValidation>body</SOAPValidation>
<SQLSourceType>static</SQLSourceType>
<JWSVerifyStripSignature>on</JWSVerifyStripSignature>
<Asynchronous>off</Asynchronous>
<ResultsMode>first-available</ResultsMode>
<RetryCount>0</RetryCount>
<RetryInterval>1000</RetryInterval>
<MultipleOutputs>off</MultipleOutputs>
<IteratorType>XPATH</IteratorType>
<Timeout>0</Timeout>
<MethodRewriteType>GET</MethodRewriteType>
<MethodType>POST</MethodType>
<MethodType2>POST</MethodType2></StylePolicyAction><StylePolicyAction name="APIMockInq_rule_gatewayscript_0" xmlns:env="http://www.w3.org/2003/05/soap-envelope" xmlns:dp="http://www.datapower.com/schemas/management">
<mAdminState>enabled</mAdminState>
<Type>gatewayscript</Type>
<Input>validation.request</Input>
<ParseSettingsReference>
<URL/>
<Literal/>
<Default/></ParseSettingsReference>
<ParseMetricsResultType>none</ParseMetricsResultType>
<TransformLanguage>none</TransformLanguage>
<GatewayScriptLocation>local:///services/APIMockInq/xsl/APIJsonSoap.js</GatewayScriptLocation>
<ActionDebug persisted="false">off</ActionDebug>
<Output>gscript.request</Output>
<NamedInOutLocationType>default</NamedInOutLocationType>
<SSLClientConfigType>proxy</SSLClientConfigType>
<Transactional>off</Transactional>
<SOAPValidation>body</SOAPValidation>
<SQLSourceType>static</SQLSourceType>
<JWSVerifyStripSignature>on</JWSVerifyStripSignature>
<Asynchronous>off</Asynchronous>
<ResultsMode>first-available</ResultsMode>
<RetryCount>0</RetryCount>
<RetryInterval>1000</RetryInterval>
<MultipleOutputs>off</MultipleOutputs>
<IteratorType>XPATH</IteratorType>
<Timeout>0</Timeout>
<MethodRewriteType>GET</MethodRewriteType>
<MethodType>POST</MethodType>
<MethodType2>POST</MethodType2></StylePolicyAction><StylePolicyAction name="APIMockInq_rule_xform_0" xmlns:env="http://www.w3.org/2003/05/soap-envelope" xmlns:dp="http://www.datapower.com/schemas/management">
<mAdminState>enabled</mAdminState>
<Type>xform</Type>
<Input>gscript.request</Input>
<Transform>store:///identity.xsl</Transform>
<ParseSettingsReference>
<URL/>
<Literal/>
<Default/></ParseSettingsReference>
<ParseMetricsResultType>none</ParseMetricsResultType>
<TransformLanguage>none</TransformLanguage>
<ActionDebug persisted="false">off</ActionDebug>
<Output>identity.request</Output>
<NamedInOutLocationType>default</NamedInOutLocationType>
<SSLClientConfigType>proxy</SSLClientConfigType>
<OutputType>default</OutputType>
<Transactional>off</Transactional>
<SOAPValidation>body</SOAPValidation>
<SQLSourceType>static</SQLSourceType>
<JWSVerifyStripSignature>on</JWSVerifyStripSignature>
<Asynchronous>off</Asynchronous>
<ResultsMode>first-available</ResultsMode>
<RetryCount>0</RetryCount>
<RetryInterval>1000</RetryInterval>
<MultipleOutputs>off</MultipleOutputs>
<IteratorType>XPATH</IteratorType>
<Timeout>0</Timeout>
<MethodRewriteType>GET</MethodRewriteType>
<MethodType>POST</MethodType>
<MethodType2>POST</MethodType2></StylePolicyAction><StylePolicyAction name="APIMockInq_rule_method-rewrite_0" xmlns:env="http://www.w3.org/2003/05/soap-envelope" xmlns:dp="http://www.datapower.com/schemas/management">
<mAdminState>enabled</mAdminState>
<Type>method-rewrite</Type>
<ParseSettingsReference>
<URL/>
<Literal/>
<Default/></ParseSettingsReference>
<ParseMetricsResultType>none</ParseMetricsResultType>
<TransformLanguage>none</TransformLanguage>
<ActionDebug persisted="false">off</ActionDebug>
<NamedInOutLocationType>default</NamedInOutLocationType>
<SSLClientConfigType>proxy</SSLClientConfigType>
<Transactional>off</Transactional>
<SOAPValidation>body</SOAPValidation>
<SQLSourceType>static</SQLSourceType>
<JWSVerifyStripSignature>on</JWSVerifyStripSignature>
<Asynchronous>off</Asynchronous>
<ResultsMode>first-available</ResultsMode>
<RetryCount>0</RetryCount>
<RetryInterval>1000</RetryInterval>
<MultipleOutputs>off</MultipleOutputs>
<IteratorType>XPATH</IteratorType>
<Timeout>0</Timeout>
<MethodRewriteType>POST</MethodRewriteType>
<MethodType>POST</MethodType>
<MethodType2>POST</MethodType2></StylePolicyAction><StylePolicyAction name="APIMockInq_rule_setvar_0" xmlns:env="http://www.w3.org/2003/05/soap-envelope" xmlns:dp="http://www.datapower.com/schemas/management">
<mAdminState>enabled</mAdminState>
<Type>setvar</Type>
<Input>identity.request</Input>
<ParseSettingsReference>
<URL/>
<Literal/>
<Default/></ParseSettingsReference>
<ParseMetricsResultType>none</ParseMetricsResultType>
<TransformLanguage>none</TransformLanguage>
<ActionDebug persisted="false">off</ActionDebug>
<NamedInOutLocationType>default</NamedInOutLocationType>
<Variable>var://service/mpgw/skip-backside</Variable>
<Value>1</Value>
<SSLClientConfigType>proxy</SSLClientConfigType>
<Transactional>off</Transactional>
<SOAPValidation>body</SOAPValidation>
<SQLSourceType>static</SQLSourceType>
<JWSVerifyStripSignature>on</JWSVerifyStripSignature>
<Asynchronous>off</Asynchronous>
<ResultsMode>first-available</ResultsMode>
<RetryCount>0</RetryCount>
<RetryInterval>1000</RetryInterval>
<MultipleOutputs>off</MultipleOutputs>
<IteratorType>XPATH</IteratorType>
<Timeout>0</Timeout>
<MethodRewriteType>GET</MethodRewriteType>
<MethodType>POST</MethodType>
<MethodType2>POST</MethodType2></StylePolicyAction><StylePolicyAction name="APIMockInq_rule_results_output_0" xmlns:env="http://www.w3.org/2003/05/soap-envelope" xmlns:dp="http://www.datapower.com/schemas/management">
<mAdminState>enabled</mAdminState>
<Type>results</Type>
<Input>validation.request</Input>
<ParseSettingsReference>
<URL/>
<Literal/>
<Default/></ParseSettingsReference>
<ParseMetricsResultType>none</ParseMetricsResultType>
<TransformLanguage>none</TransformLanguage>
<ActionDebug persisted="false">off</ActionDebug>
<NamedInOutLocationType>default</NamedInOutLocationType>
<SSLClientConfigType>proxy</SSLClientConfigType>
<OutputType>default</OutputType>
<Transactional>off</Transactional>
<SOAPValidation>body</SOAPValidation>
<SQLSourceType>static</SQLSourceType>
<JWSVerifyStripSignature>on</JWSVerifyStripSignature>
<Asynchronous>off</Asynchronous>
<ResultsMode>first-available</ResultsMode>
<RetryCount>0</RetryCount>
<RetryInterval>1000</RetryInterval>
<MultipleOutputs>off</MultipleOutputs>
<IteratorType>XPATH</IteratorType>
<Timeout>0</Timeout>
<MethodRewriteType>GET</MethodRewriteType>
<MethodType>POST</MethodType>
<MethodType2>POST</MethodType2></StylePolicyAction><StylePolicyRule name="APIMockInq_rule" xmlns:env="http://www.w3.org/2003/05/soap-envelope" xmlns:dp="http://www.datapower.com/schemas/management">
<mAdminState>enabled</mAdminState>
<Direction>request-rule</Direction>
<InputFormat>none</InputFormat>
<OutputFormat>none</OutputFormat>
<NonXMLProcessing>off</NonXMLProcessing>
<Unprocessed>off</Unprocessed>
<Actions class="StylePolicyAction">APIMockInq_rule_jose-decrypt_0</Actions>
<Actions class="StylePolicyAction">APIMockInq_rule_jose-verify_0</Actions>
<Actions class="StylePolicyAction">APIMockInq_rule_validate_1</Actions>
<Actions class="StylePolicyAction">APIMockInq_rule_gatewayscript_0</Actions>
<Actions class="StylePolicyAction">APIMockInq_rule_xform_0</Actions>
<Actions class="StylePolicyAction">APIMockInq_rule_method-rewrite_0</Actions>
<Actions class="StylePolicyAction">APIMockInq_rule_setvar_0</Actions>
<Actions class="StylePolicyAction">APIMockInq_rule_results_output_0</Actions></StylePolicyRule><StylePolicyAction name="APIMockInq_rule_Asignacion_jose-decrypt_0" xmlns:env="http://www.w3.org/2003/05/soap-envelope" xmlns:dp="http://www.datapower.com/schemas/management">
<mAdminState>enabled</mAdminState>
<Type>jose-decrypt</Type>
<Input>INPUT</Input>
<ParseSettingsReference>
<URL/>
<Literal/>
<Default/></ParseSettingsReference>
<ParseMetricsResultType>none</ParseMetricsResultType>
<TransformLanguage>none</TransformLanguage>
<GatewayScriptLocation>store:///js/jose-decrypt.js</GatewayScriptLocation>
<ActionDebug persisted="false">off</ActionDebug>
<Output>decrypt.request</Output>
<NamedInOutLocationType>default</NamedInOutLocationType>
<SSLClientConfigType>proxy</SSLClientConfigType>
<Transactional>off</Transactional>
<SOAPValidation>body</SOAPValidation>
<SQLSourceType>static</SQLSourceType>
<JOSEDecryptType>identifiers</JOSEDecryptType>
<RecipientIdentifier class="JOSERecipientIdentifier">APIRecipient</RecipientIdentifier>
<JWSVerifyStripSignature>on</JWSVerifyStripSignature>
<Asynchronous>off</Asynchronous>
<ResultsMode>first-available</ResultsMode>
<RetryCount>0</RetryCount>
<RetryInterval>1000</RetryInterval>
<MultipleOutputs>off</MultipleOutputs>
<IteratorType>XPATH</IteratorType>
<Timeout>0</Timeout>
<MethodRewriteType>GET</MethodRewriteType>
<MethodType>POST</MethodType>
<MethodType2>POST</MethodType2></StylePolicyAction><JOSESignatureIdentifier name="verify.wss.signature" xmlns:env="http://www.w3.org/2003/05/soap-envelope" xmlns:dp="http://www.datapower.com/schemas/management">
<mAdminState>enabled</mAdminState>
<Type>certificate</Type>
<Certificate class="CryptoCertificate">cardtomc.wss.crypc</Certificate>
<HeaderParam>
<HeaderName>Signature</HeaderName>
<HeaderValue>PayLoad</HeaderValue></HeaderParam>
<HeaderParam>
<HeaderName>alg</HeaderName>
<HeaderValue>RS256</HeaderValue></HeaderParam>
<Verify>on</Verify></JOSESignatureIdentifier><StylePolicyAction name="APIMockInq_rule_Asignacion_jose-verify_0" xmlns:env="http://www.w3.org/2003/05/soap-envelope" xmlns:dp="http://www.datapower.com/schemas/management">
<mAdminState>enabled</mAdminState>
<Type>jose-verify</Type>
<Input>decrypt.request</Input>
<ParseSettingsReference>
<URL/>
<Literal/>
<Default/></ParseSettingsReference>
<ParseMetricsResultType>none</ParseMetricsResultType>
<TransformLanguage>none</TransformLanguage>
<GatewayScriptLocation>store:///js/jose-verify.js</GatewayScriptLocation>
<ActionDebug persisted="false">off</ActionDebug>
<Output>verify.request</Output>
<NamedInOutLocationType>default</NamedInOutLocationType>
<SSLClientConfigType>proxy</SSLClientConfigType>
<Transactional>off</Transactional>
<SOAPValidation>body</SOAPValidation>
<SQLSourceType>static</SQLSourceType>
<JOSEVerifyType>identifiers</JOSEVerifyType>
<SignatureIdentifier class="JOSESignatureIdentifier">verify.wss.signature</SignatureIdentifier>
<JWSVerifyStripSignature>on</JWSVerifyStripSignature>
<Asynchronous>off</Asynchronous>
<ResultsMode>first-available</ResultsMode>
<RetryCount>0</RetryCount>
<RetryInterval>1000</RetryInterval>
<MultipleOutputs>off</MultipleOutputs>
<IteratorType>XPATH</IteratorType>
<Timeout>0</Timeout>
<MethodRewriteType>GET</MethodRewriteType>
<MethodType>POST</MethodType>
<MethodType2>POST</MethodType2></StylePolicyAction><StylePolicyAction name="APIMockInq_rule_Asignacion_validate_3" xmlns:env="http://www.w3.org/2003/05/soap-envelope" xmlns:dp="http://www.datapower.com/schemas/management">
<mAdminState>enabled</mAdminState>
<Type>validate</Type>
<Input>verify.request</Input>
<ParseSettingsReference>
<URL/>
<Literal/>
<Default/></ParseSettingsReference>
<ParseMetricsResultType>none</ParseMetricsResultType>
<TransformLanguage>none</TransformLanguage>
<ActionDebug persisted="false">off</ActionDebug>
<Output>validation</Output>
<NamedInOutLocationType>default</NamedInOutLocationType>
<JSONSchemaURL>local:///services/APICardAdminInq/js/APICardSchema.json</JSONSchemaURL>
<SSLClientConfigType>proxy</SSLClientConfigType>
<Transactional>off</Transactional>
<SOAPValidation>body</SOAPValidation>
<SQLSourceType>static</SQLSourceType>
<JWSVerifyStripSignature>on</JWSVerifyStripSignature>
<Asynchronous>off</Asynchronous>
<ResultsMode>first-available</ResultsMode>
<RetryCount>0</RetryCount>
<RetryInterval>1000</RetryInterval>
<MultipleOutputs>off</MultipleOutputs>
<IteratorType>XPATH</IteratorType>
<Timeout>0</Timeout>
<MethodRewriteType>GET</MethodRewriteType>
<MethodType>POST</MethodType>
<MethodType2>POST</MethodType2></StylePolicyAction><StylePolicyAction name="APIMockInq_rule_Asignacion_gatewayscript_2" xmlns:env="http://www.w3.org/2003/05/soap-envelope" xmlns:dp="http://www.datapower.com/schemas/management">
<mAdminState>enabled</mAdminState>
<Type>gatewayscript</Type>
<Input>validation</Input>
<ParseSettingsReference>
<URL/>
<Literal/>
<Default/></ParseSettingsReference>
<ParseMetricsResultType>none</ParseMetricsResultType>
<TransformLanguage>none</TransformLanguage>
<GatewayScriptLocation>local:///services/APIMockInq/xsl/APIJsonSoap.js</GatewayScriptLocation>
<ActionDebug persisted="false">off</ActionDebug>
<Output>gscript.request</Output>
<NamedInOutLocationType>default</NamedInOutLocationType>
<SSLClientConfigType>proxy</SSLClientConfigType>
<Transactional>off</Transactional>
<SOAPValidation>body</SOAPValidation>
<SQLSourceType>static</SQLSourceType>
<JWSVerifyStripSignature>on</JWSVerifyStripSignature>
<Asynchronous>off</Asynchronous>
<ResultsMode>first-available</ResultsMode>
<RetryCount>0</RetryCount>
<RetryInterval>1000</RetryInterval>
<MultipleOutputs>off</MultipleOutputs>
<IteratorType>XPATH</IteratorType>
<Timeout>0</Timeout>
<MethodRewriteType>GET</MethodRewriteType>
<MethodType>POST</MethodType>
<MethodType2>POST</MethodType2></StylePolicyAction><StylePolicyAction name="APIMockInq_rule_Asignacion_xform_5" xmlns:env="http://www.w3.org/2003/05/soap-envelope" xmlns:dp="http://www.datapower.com/schemas/management">
<mAdminState>enabled</mAdminState>
<Type>xform</Type>
<Input>gscript.request</Input>
<Transform>store:///identity.xsl</Transform>
<ParseSettingsReference>
<URL/>
<Literal/>
<Default/></ParseSettingsReference>
<ParseMetricsResultType>none</ParseMetricsResultType>
<TransformLanguage>none</TransformLanguage>
<ActionDebug persisted="false">off</ActionDebug>
<Output>identity.request</Output>
<NamedInOutLocationType>default</NamedInOutLocationType>
<SSLClientConfigType>proxy</SSLClientConfigType>
<OutputType>default</OutputType>
<Transactional>off</Transactional>
<SOAPValidation>body</SOAPValidation>
<SQLSourceType>static</SQLSourceType>
<JWSVerifyStripSignature>on</JWSVerifyStripSignature>
<Asynchronous>off</Asynchronous>
<ResultsMode>first-available</ResultsMode>
<RetryCount>0</RetryCount>
<RetryInterval>1000</RetryInterval>
<MultipleOutputs>off</MultipleOutputs>
<IteratorType>XPATH</IteratorType>
<Timeout>0</Timeout>
<MethodRewriteType>GET</MethodRewriteType>
<MethodType>POST</MethodType>
<MethodType2>POST</MethodType2></StylePolicyAction><StylePolicyAction name="APIMockInq_rule_Asignacion_method-rewrite_0" xmlns:env="http://www.w3.org/2003/05/soap-envelope" xmlns:dp="http://www.datapower.com/schemas/management">
<mAdminState>enabled</mAdminState>
<Type>method-rewrite</Type>
<ParseSettingsReference>
<URL/>
<Literal/>
<Default/></ParseSettingsReference>
<ParseMetricsResultType>none</ParseMetricsResultType>
<TransformLanguage>none</TransformLanguage>
<ActionDebug persisted="false">off</ActionDebug>
<NamedInOutLocationType>default</NamedInOutLocationType>
<SSLClientConfigType>proxy</SSLClientConfigType>
<Transactional>off</Transactional>
<SOAPValidation>body</SOAPValidation>
<SQLSourceType>static</SQLSourceType>
<JWSVerifyStripSignature>on</JWSVerifyStripSignature>
<Asynchronous>off</Asynchronous>
<ResultsMode>first-available</ResultsMode>
<RetryCount>0</RetryCount>
<RetryInterval>1000</RetryInterval>
<MultipleOutputs>off</MultipleOutputs>
<IteratorType>XPATH</IteratorType>
<Timeout>0</Timeout>
<MethodRewriteType>POST</MethodRewriteType>
<MethodType>POST</MethodType>
<MethodType2>POST</MethodType2></StylePolicyAction><StylePolicyAction name="APIMockInq_rule_Asignacion_setvar_0" xmlns:env="http://www.w3.org/2003/05/soap-envelope" xmlns:dp="http://www.datapower.com/schemas/management">
<mAdminState>enabled</mAdminState>
<Type>setvar</Type>
<Input>identity.request</Input>
<ParseSettingsReference>
<URL/>
<Literal/>
<Default/></ParseSettingsReference>
<ParseMetricsResultType>none</ParseMetricsResultType>
<TransformLanguage>none</TransformLanguage>
<ActionDebug persisted="false">off</ActionDebug>
<NamedInOutLocationType>default</NamedInOutLocationType>
<Variable>var://service/mpgw/skip-backside</Variable>
<Value>1</Value>
<SSLClientConfigType>proxy</SSLClientConfigType>
<Transactional>off</Transactional>
<SOAPValidation>body</SOAPValidation>
<SQLSourceType>static</SQLSourceType>
<JWSVerifyStripSignature>on</JWSVerifyStripSignature>
<Asynchronous>off</Asynchronous>
<ResultsMode>first-available</ResultsMode>
<RetryCount>0</RetryCount>
<RetryInterval>1000</RetryInterval>
<MultipleOutputs>off</MultipleOutputs>
<IteratorType>XPATH</IteratorType>
<Timeout>0</Timeout>
<MethodRewriteType>GET</MethodRewriteType>
<MethodType>POST</MethodType>
<MethodType2>POST</MethodType2></StylePolicyAction><StylePolicyAction name="APIMockInq_rule_Asignacion_results_output_0" xmlns:env="http://www.w3.org/2003/05/soap-envelope" xmlns:dp="http://www.datapower.com/schemas/management">
<mAdminState>enabled</mAdminState>
<Type>results</Type>
<Input>identity.request</Input>
<ParseSettingsReference>
<URL/>
<Literal/>
<Default/></ParseSettingsReference>
<ParseMetricsResultType>none</ParseMetricsResultType>
<TransformLanguage>none</TransformLanguage>
<ActionDebug persisted="false">off</ActionDebug>
<NamedInOutLocationType>default</NamedInOutLocationType>
<SSLClientConfigType>proxy</SSLClientConfigType>
<OutputType>default</OutputType>
<Transactional>off</Transactional>
<SOAPValidation>body</SOAPValidation>
<SQLSourceType>static</SQLSourceType>
<JWSVerifyStripSignature>on</JWSVerifyStripSignature>
<Asynchronous>off</Asynchronous>
<ResultsMode>first-available</ResultsMode>
<RetryCount>0</RetryCount>
<RetryInterval>1000</RetryInterval>
<MultipleOutputs>off</MultipleOutputs>
<IteratorType>XPATH</IteratorType>
<Timeout>0</Timeout>
<MethodRewriteType>GET</MethodRewriteType>
<MethodType>POST</MethodType>
<MethodType2>POST</MethodType2></StylePolicyAction><StylePolicyRule name="APIMockInq_rule_Asignacion" xmlns:env="http://www.w3.org/2003/05/soap-envelope" xmlns:dp="http://www.datapower.com/schemas/management">
<mAdminState>enabled</mAdminState>
<Direction>request-rule</Direction>
<InputFormat>none</InputFormat>
<OutputFormat>none</OutputFormat>
<NonXMLProcessing>off</NonXMLProcessing>
<Unprocessed>off</Unprocessed>
<Actions class="StylePolicyAction">APIMockInq_rule_Asignacion_jose-decrypt_0</Actions>
<Actions class="StylePolicyAction">APIMockInq_rule_Asignacion_jose-verify_0</Actions>
<Actions class="StylePolicyAction">APIMockInq_rule_Asignacion_validate_3</Actions>
<Actions class="StylePolicyAction">APIMockInq_rule_Asignacion_gatewayscript_2</Actions>
<Actions class="StylePolicyAction">APIMockInq_rule_Asignacion_xform_5</Actions>
<Actions class="StylePolicyAction">APIMockInq_rule_Asignacion_method-rewrite_0</Actions>
<Actions class="StylePolicyAction">APIMockInq_rule_Asignacion_setvar_0</Actions>
<Actions class="StylePolicyAction">APIMockInq_rule_Asignacion_results_output_0</Actions></StylePolicyRule><StylePolicyAction name="APIMockInq_rule_Bloqueo_jose-decrypt_0" xmlns:env="http://www.w3.org/2003/05/soap-envelope" xmlns:dp="http://www.datapower.com/schemas/management">
<mAdminState>enabled</mAdminState>
<Type>jose-decrypt</Type>
<Input>INPUT</Input>
<ParseSettingsReference>
<URL/>
<Literal/>
<Default/></ParseSettingsReference>
<ParseMetricsResultType>none</ParseMetricsResultType>
<TransformLanguage>none</TransformLanguage>
<GatewayScriptLocation>store:///js/jose-decrypt.js</GatewayScriptLocation>
<ActionDebug persisted="false">off</ActionDebug>
<Output>decrypt.request</Output>
<NamedInOutLocationType>default</NamedInOutLocationType>
<SSLClientConfigType>proxy</SSLClientConfigType>
<Transactional>off</Transactional>
<SOAPValidation>body</SOAPValidation>
<SQLSourceType>static</SQLSourceType>
<JOSEDecryptType>identifiers</JOSEDecryptType>
<RecipientIdentifier class="JOSERecipientIdentifier">APIRecipient</RecipientIdentifier>
<JWSVerifyStripSignature>on</JWSVerifyStripSignature>
<Asynchronous>off</Asynchronous>
<ResultsMode>first-available</ResultsMode>
<RetryCount>0</RetryCount>
<RetryInterval>1000</RetryInterval>
<MultipleOutputs>off</MultipleOutputs>
<IteratorType>XPATH</IteratorType>
<Timeout>0</Timeout>
<MethodRewriteType>GET</MethodRewriteType>
<MethodType>POST</MethodType>
<MethodType2>POST</MethodType2></StylePolicyAction><StylePolicyAction name="APIMockInq_rule_Bloqueo_jose-verify_0" xmlns:env="http://www.w3.org/2003/05/soap-envelope" xmlns:dp="http://www.datapower.com/schemas/management">
<mAdminState>enabled</mAdminState>
<Type>jose-verify</Type>
<Input>decrypt.request</Input>
<ParseSettingsReference>
<URL/>
<Literal/>
<Default/></ParseSettingsReference>
<ParseMetricsResultType>none</ParseMetricsResultType>
<TransformLanguage>none</TransformLanguage>
<GatewayScriptLocation>store:///js/jose-verify.js</GatewayScriptLocation>
<ActionDebug persisted="false">off</ActionDebug>
<Output>verify.request</Output>
<NamedInOutLocationType>default</NamedInOutLocationType>
<SSLClientConfigType>proxy</SSLClientConfigType>
<Transactional>off</Transactional>
<SOAPValidation>body</SOAPValidation>
<SQLSourceType>static</SQLSourceType>
<JOSEVerifyType>identifiers</JOSEVerifyType>
<SignatureIdentifier class="JOSESignatureIdentifier">verify.wss.signature</SignatureIdentifier>
<JWSVerifyStripSignature>on</JWSVerifyStripSignature>
<Asynchronous>off</Asynchronous>
<ResultsMode>first-available</ResultsMode>
<RetryCount>0</RetryCount>
<RetryInterval>1000</RetryInterval>
<MultipleOutputs>off</MultipleOutputs>
<IteratorType>XPATH</IteratorType>
<Timeout>0</Timeout>
<MethodRewriteType>GET</MethodRewriteType>
<MethodType>POST</MethodType>
<MethodType2>POST</MethodType2></StylePolicyAction><StylePolicyAction name="APIMockInq_rule_Bloqueo_validate_18" xmlns:env="http://www.w3.org/2003/05/soap-envelope" xmlns:dp="http://www.datapower.com/schemas/management">
<mAdminState>enabled</mAdminState>
<Type>validate</Type>
<Input>verify.request</Input>
<ParseSettingsReference>
<URL/>
<Literal/>
<Default/></ParseSettingsReference>
<ParseMetricsResultType>none</ParseMetricsResultType>
<TransformLanguage>none</TransformLanguage>
<ActionDebug persisted="false">off</ActionDebug>
<Output>validation</Output>
<NamedInOutLocationType>default</NamedInOutLocationType>
<JSONSchemaURL>local:///services/APICardAdminInq/js/APICardSchema.json</JSONSchemaURL>
<SSLClientConfigType>proxy</SSLClientConfigType>
<Transactional>off</Transactional>
<SOAPValidation>body</SOAPValidation>
<SQLSourceType>static</SQLSourceType>
<JWSVerifyStripSignature>on</JWSVerifyStripSignature>
<Asynchronous>off</Asynchronous>
<ResultsMode>first-available</ResultsMode>
<RetryCount>0</RetryCount>
<RetryInterval>1000</RetryInterval>
<MultipleOutputs>off</MultipleOutputs>
<IteratorType>XPATH</IteratorType>
<Timeout>0</Timeout>
<MethodRewriteType>GET</MethodRewriteType>
<MethodType>POST</MethodType>
<MethodType2>POST</MethodType2></StylePolicyAction><StylePolicyAction name="APIMockInq_rule_Bloqueo_gatewayscript_16" xmlns:env="http://www.w3.org/2003/05/soap-envelope" xmlns:dp="http://www.datapower.com/schemas/management">
<mAdminState>enabled</mAdminState>
<Type>gatewayscript</Type>
<Input>validation</Input>
<ParseSettingsReference>
<URL/>
<Literal/>
<Default/></ParseSettingsReference>
<ParseMetricsResultType>none</ParseMetricsResultType>
<TransformLanguage>none</TransformLanguage>
<GatewayScriptLocation>local:///services/APIMockInq/xsl/APIJsonSoap.js</GatewayScriptLocation>
<ActionDebug persisted="false">off</ActionDebug>
<Output>gscript.request</Output>
<NamedInOutLocationType>default</NamedInOutLocationType>
<SSLClientConfigType>proxy</SSLClientConfigType>
<Transactional>off</Transactional>
<SOAPValidation>body</SOAPValidation>
<SQLSourceType>static</SQLSourceType>
<JWSVerifyStripSignature>on</JWSVerifyStripSignature>
<Asynchronous>off</Asynchronous>
<ResultsMode>first-available</ResultsMode>
<RetryCount>0</RetryCount>
<RetryInterval>1000</RetryInterval>
<MultipleOutputs>off</MultipleOutputs>
<IteratorType>XPATH</IteratorType>
<Timeout>0</Timeout>
<MethodRewriteType>GET</MethodRewriteType>
<MethodType>POST</MethodType>
<MethodType2>POST</MethodType2></StylePolicyAction><StylePolicyAction name="APIMockInq_rule_Bloqueo_xform_23" xmlns:env="http://www.w3.org/2003/05/soap-envelope" xmlns:dp="http://www.datapower.com/schemas/management">
<mAdminState>enabled</mAdminState>
<Type>xform</Type>
<Input>gscript.request</Input>
<Transform>store:///identity.xsl</Transform>
<ParseSettingsReference>
<URL/>
<Literal/>
<Default/></ParseSettingsReference>
<ParseMetricsResultType>none</ParseMetricsResultType>
<TransformLanguage>none</TransformLanguage>
<ActionDebug persisted="false">off</ActionDebug>
<Output>identity.request</Output>
<NamedInOutLocationType>default</NamedInOutLocationType>
<SSLClientConfigType>proxy</SSLClientConfigType>
<OutputType>default</OutputType>
<Transactional>off</Transactional>
<SOAPValidation>body</SOAPValidation>
<SQLSourceType>static</SQLSourceType>
<JWSVerifyStripSignature>on</JWSVerifyStripSignature>
<Asynchronous>off</Asynchronous>
<ResultsMode>first-available</ResultsMode>
<RetryCount>0</RetryCount>
<RetryInterval>1000</RetryInterval>
<MultipleOutputs>off</MultipleOutputs>
<IteratorType>XPATH</IteratorType>
<Timeout>0</Timeout>
<MethodRewriteType>GET</MethodRewriteType>
<MethodType>POST</MethodType>
<MethodType2>POST</MethodType2></StylePolicyAction><StylePolicyAction name="APIMockInq_rule_Bloqueo_method-rewrite_0" xmlns:env="http://www.w3.org/2003/05/soap-envelope" xmlns:dp="http://www.datapower.com/schemas/management">
<mAdminState>enabled</mAdminState>
<Type>method-rewrite</Type>
<ParseSettingsReference>
<URL/>
<Literal/>
<Default/></ParseSettingsReference>
<ParseMetricsResultType>none</ParseMetricsResultType>
<TransformLanguage>none</TransformLanguage>
<ActionDebug persisted="false">off</ActionDebug>
<NamedInOutLocationType>default</NamedInOutLocationType>
<SSLClientConfigType>proxy</SSLClientConfigType>
<Transactional>off</Transactional>
<SOAPValidation>body</SOAPValidation>
<SQLSourceType>static</SQLSourceType>
<JWSVerifyStripSignature>on</JWSVerifyStripSignature>
<Asynchronous>off</Asynchronous>
<ResultsMode>first-available</ResultsMode>
<RetryCount>0</RetryCount>
<RetryInterval>1000</RetryInterval>
<MultipleOutputs>off</MultipleOutputs>
<IteratorType>XPATH</IteratorType>
<Timeout>0</Timeout>
<MethodRewriteType>POST</MethodRewriteType>
<MethodType>POST</MethodType>
<MethodType2>POST</MethodType2></StylePolicyAction><StylePolicyAction name="APIMockInq_rule_Bloqueo_setvar_0" xmlns:env="http://www.w3.org/2003/05/soap-envelope" xmlns:dp="http://www.datapower.com/schemas/management">
<mAdminState>enabled</mAdminState>
<Type>setvar</Type>
<Input>identity.request</Input>
<ParseSettingsReference>
<URL/>
<Literal/>
<Default/></ParseSettingsReference>
<ParseMetricsResultType>none</ParseMetricsResultType>
<TransformLanguage>none</TransformLanguage>
<ActionDebug persisted="false">off</ActionDebug>
<NamedInOutLocationType>default</NamedInOutLocationType>
<Variable>var://service/mpgw/skip-backside</Variable>
<Value>1</Value>
<SSLClientConfigType>proxy</SSLClientConfigType>
<Transactional>off</Transactional>
<SOAPValidation>body</SOAPValidation>
<SQLSourceType>static</SQLSourceType>
<JWSVerifyStripSignature>on</JWSVerifyStripSignature>
<Asynchronous>off</Asynchronous>
<ResultsMode>first-available</ResultsMode>
<RetryCount>0</RetryCount>
<RetryInterval>1000</RetryInterval>
<MultipleOutputs>off</MultipleOutputs>
<IteratorType>XPATH</IteratorType>
<Timeout>0</Timeout>
<MethodRewriteType>GET</MethodRewriteType>
<MethodType>POST</MethodType>
<MethodType2>POST</MethodType2></StylePolicyAction><StylePolicyAction name="APIMockInq_rule_Bloqueo_results_output_0" xmlns:env="http://www.w3.org/2003/05/soap-envelope" xmlns:dp="http://www.datapower.com/schemas/management">
<mAdminState>enabled</mAdminState>
<Type>results</Type>
<Input>identity.request</Input>
<ParseSettingsReference>
<URL/>
<Literal/>
<Default/></ParseSettingsReference>
<ParseMetricsResultType>none</ParseMetricsResultType>
<TransformLanguage>none</TransformLanguage>
<ActionDebug persisted="false">off</ActionDebug>
<NamedInOutLocationType>default</NamedInOutLocationType>
<SSLClientConfigType>proxy</SSLClientConfigType>
<OutputType>default</OutputType>
<Transactional>off</Transactional>
<SOAPValidation>body</SOAPValidation>
<SQLSourceType>static</SQLSourceType>
<JWSVerifyStripSignature>on</JWSVerifyStripSignature>
<Asynchronous>off</Asynchronous>
<ResultsMode>first-available</ResultsMode>
<RetryCount>0</RetryCount>
<RetryInterval>1000</RetryInterval>
<MultipleOutputs>off</MultipleOutputs>
<IteratorType>XPATH</IteratorType>
<Timeout>0</Timeout>
<MethodRewriteType>GET</MethodRewriteType>
<MethodType>POST</MethodType>
<MethodType2>POST</MethodType2></StylePolicyAction><StylePolicyRule name="APIMockInq_rule_Bloqueo" xmlns:env="http://www.w3.org/2003/05/soap-envelope" xmlns:dp="http://www.datapower.com/schemas/management">
<mAdminState>enabled</mAdminState>
<Direction>request-rule</Direction>
<InputFormat>none</InputFormat>
<OutputFormat>none</OutputFormat>
<NonXMLProcessing>off</NonXMLProcessing>
<Unprocessed>off</Unprocessed>
<Actions class="StylePolicyAction">APIMockInq_rule_Bloqueo_jose-decrypt_0</Actions>
<Actions class="StylePolicyAction">APIMockInq_rule_Bloqueo_jose-verify_0</Actions>
<Actions class="StylePolicyAction">APIMockInq_rule_Bloqueo_validate_18</Actions>
<Actions class="StylePolicyAction">APIMockInq_rule_Bloqueo_gatewayscript_16</Actions>
<Actions class="StylePolicyAction">APIMockInq_rule_Bloqueo_xform_23</Actions>
<Actions class="StylePolicyAction">APIMockInq_rule_Bloqueo_method-rewrite_0</Actions>
<Actions class="StylePolicyAction">APIMockInq_rule_Bloqueo_setvar_0</Actions>
<Actions class="StylePolicyAction">APIMockInq_rule_Bloqueo_results_output_0</Actions></StylePolicyRule><Matching name="MatchAnyURI" xmlns:env="http://www.w3.org/2003/05/soap-envelope" xmlns:dp="http://www.datapower.com/schemas/management">
<mAdminState>enabled</mAdminState>
<MatchRules>
<Type>url</Type>
<HttpTag/>
<HttpValue/>
<Url>*</Url>
<ErrorCode/>
<XPATHExpression/>
<Method>default</Method>
<CustomMethod/></MatchRules>
<MatchWithPCRE>off</MatchWithPCRE>
<CombineWithOr>off</CombineWithOr></Matching><StylePolicyAction name="APIMockInq_rule_Response_results_output_0" xmlns:env="http://www.w3.org/2003/05/soap-envelope" xmlns:dp="http://www.datapower.com/schemas/management">
<mAdminState>enabled</mAdminState>
<Type>results</Type>
<Input>INPUT</Input>
<ParseSettingsReference>
<URL/>
<Literal/>
<Default/></ParseSettingsReference>
<ParseMetricsResultType>none</ParseMetricsResultType>
<TransformLanguage>none</TransformLanguage>
<ActionDebug persisted="false">off</ActionDebug>
<NamedInOutLocationType>default</NamedInOutLocationType>
<SSLClientConfigType>proxy</SSLClientConfigType>
<OutputType>default</OutputType>
<Transactional>off</Transactional>
<SOAPValidation>body</SOAPValidation>
<SQLSourceType>static</SQLSourceType>
<JWSVerifyStripSignature>on</JWSVerifyStripSignature>
<Asynchronous>off</Asynchronous>
<ResultsMode>first-available</ResultsMode>
<RetryCount>0</RetryCount>
<RetryInterval>1000</RetryInterval>
<MultipleOutputs>off</MultipleOutputs>
<IteratorType>XPATH</IteratorType>
<Timeout>0</Timeout>
<MethodRewriteType>GET</MethodRewriteType>
<MethodType>POST</MethodType>
<MethodType2>POST</MethodType2></StylePolicyAction><StylePolicyRule name="APIMockInq_rule_Response" xmlns:env="http://www.w3.org/2003/05/soap-envelope" xmlns:dp="http://www.datapower.com/schemas/management">
<mAdminState>enabled</mAdminState>
<Direction>response-rule</Direction>
<InputFormat>none</InputFormat>
<OutputFormat>none</OutputFormat>
<NonXMLProcessing>off</NonXMLProcessing>
<Unprocessed>off</Unprocessed>
<Actions class="StylePolicyAction">APIMockInq_rule_Response_results_output_0</Actions></StylePolicyRule><Matching name="APIMockAc" xmlns:env="http://www.w3.org/2003/05/soap-envelope" xmlns:dp="http://www.datapower.com/schemas/management">
<mAdminState>enabled</mAdminState>
<MatchRules>
<Type>url</Type>
<HttpTag/>
<HttpValue/>
<Url>/ServicioAdministrativosMockAPI/Activacion</Url>
<ErrorCode/>
<XPATHExpression/>
<Method>default</Method>
<CustomMethod/></MatchRules>
<MatchWithPCRE>off</MatchWithPCRE>
<CombineWithOr>off</CombineWithOr></Matching><StylePolicyAction name="JSAPIMockInq_rule_Activacion_jose-decrypt_0" xmlns:env="http://www.w3.org/2003/05/soap-envelope" xmlns:dp="http://www.datapower.com/schemas/management">
<mAdminState>enabled</mAdminState>
<Type>jose-decrypt</Type>
<Input>INPUT</Input>
<ParseSettingsReference>
<URL/>
<Literal/>
<Default/></ParseSettingsReference>
<ParseMetricsResultType>none</ParseMetricsResultType>
<TransformLanguage>none</TransformLanguage>
<GatewayScriptLocation>store:///js/jose-decrypt.js</GatewayScriptLocation>
<ActionDebug persisted="false">off</ActionDebug>
<Output>decrypt.request</Output>
<NamedInOutLocationType>default</NamedInOutLocationType>
<SSLClientConfigType>proxy</SSLClientConfigType>
<Transactional>off</Transactional>
<SOAPValidation>body</SOAPValidation>
<SQLSourceType>static</SQLSourceType>
<JOSEDecryptType>identifiers</JOSEDecryptType>
<RecipientIdentifier class="JOSERecipientIdentifier">APIRecipient</RecipientIdentifier>
<JWSVerifyStripSignature>on</JWSVerifyStripSignature>
<Asynchronous>off</Asynchronous>
<ResultsMode>first-available</ResultsMode>
<RetryCount>0</RetryCount>
<RetryInterval>1000</RetryInterval>
<MultipleOutputs>off</MultipleOutputs>
<IteratorType>XPATH</IteratorType>
<Timeout>0</Timeout>
<MethodRewriteType>GET</MethodRewriteType>
<MethodType>POST</MethodType>
<MethodType2>POST</MethodType2></StylePolicyAction><StylePolicyAction name="JSAPIMockInq_rule_Activacion_jose-verify_0" xmlns:env="http://www.w3.org/2003/05/soap-envelope" xmlns:dp="http://www.datapower.com/schemas/management">
<mAdminState>enabled</mAdminState>
<Type>jose-verify</Type>
<Input>decrypt.request</Input>
<ParseSettingsReference>
<URL/>
<Literal/>
<Default/></ParseSettingsReference>
<ParseMetricsResultType>none</ParseMetricsResultType>
<TransformLanguage>none</TransformLanguage>
<GatewayScriptLocation>store:///js/jose-verify.js</GatewayScriptLocation>
<ActionDebug persisted="false">off</ActionDebug>
<Output>verify.request</Output>
<NamedInOutLocationType>default</NamedInOutLocationType>
<SSLClientConfigType>proxy</SSLClientConfigType>
<Transactional>off</Transactional>
<SOAPValidation>body</SOAPValidation>
<SQLSourceType>static</SQLSourceType>
<JOSEVerifyType>identifiers</JOSEVerifyType>
<SignatureIdentifier class="JOSESignatureIdentifier">verify.wss.signature</SignatureIdentifier>
<JWSVerifyStripSignature>on</JWSVerifyStripSignature>
<Asynchronous>off</Asynchronous>
<ResultsMode>first-available</ResultsMode>
<RetryCount>0</RetryCount>
<RetryInterval>1000</RetryInterval>
<MultipleOutputs>off</MultipleOutputs>
<IteratorType>XPATH</IteratorType>
<Timeout>0</Timeout>
<MethodRewriteType>GET</MethodRewriteType>
<MethodType>POST</MethodType>
<MethodType2>POST</MethodType2></StylePolicyAction><StylePolicyAction name="JSAPIMockInq_rule_Activacion_validate_5" xmlns:env="http://www.w3.org/2003/05/soap-envelope" xmlns:dp="http://www.datapower.com/schemas/management">
<mAdminState>enabled</mAdminState>
<Type>validate</Type>
<Input>verify.request</Input>
<ParseSettingsReference>
<URL/>
<Literal/>
<Default/></ParseSettingsReference>
<ParseMetricsResultType>none</ParseMetricsResultType>
<TransformLanguage>none</TransformLanguage>
<ActionDebug persisted="false">off</ActionDebug>
<Output>validate.request</Output>
<NamedInOutLocationType>default</NamedInOutLocationType>
<JSONSchemaURL>local:///services/APICardAdminInq/js/JSAPICardSchema.json</JSONSchemaURL>
<SSLClientConfigType>proxy</SSLClientConfigType>
<Transactional>off</Transactional>
<SOAPValidation>body</SOAPValidation>
<SQLSourceType>static</SQLSourceType>
<JWSVerifyStripSignature>on</JWSVerifyStripSignature>
<Asynchronous>off</Asynchronous>
<ResultsMode>first-available</ResultsMode>
<RetryCount>0</RetryCount>
<RetryInterval>1000</RetryInterval>
<MultipleOutputs>off</MultipleOutputs>
<IteratorType>XPATH</IteratorType>
<Timeout>0</Timeout>
<MethodRewriteType>GET</MethodRewriteType>
<MethodType>POST</MethodType>
<MethodType2>POST</MethodType2></StylePolicyAction><StylePolicyAction name="JSAPIMockInq_rule_Activacion_method-rewrite_0" xmlns:env="http://www.w3.org/2003/05/soap-envelope" xmlns:dp="http://www.datapower.com/schemas/management">
<mAdminState>enabled</mAdminState>
<Type>method-rewrite</Type>
<ParseSettingsReference>
<URL/>
<Literal/>
<Default/></ParseSettingsReference>
<ParseMetricsResultType>none</ParseMetricsResultType>
<TransformLanguage>none</TransformLanguage>
<ActionDebug persisted="false">off</ActionDebug>
<NamedInOutLocationType>default</NamedInOutLocationType>
<SSLClientConfigType>proxy</SSLClientConfigType>
<Transactional>off</Transactional>
<SOAPValidation>body</SOAPValidation>
<SQLSourceType>static</SQLSourceType>
<JWSVerifyStripSignature>on</JWSVerifyStripSignature>
<Asynchronous>off</Asynchronous>
<ResultsMode>first-available</ResultsMode>
<RetryCount>0</RetryCount>
<RetryInterval>1000</RetryInterval>
<MultipleOutputs>off</MultipleOutputs>
<IteratorType>XPATH</IteratorType>
<Timeout>0</Timeout>
<MethodRewriteType>POST</MethodRewriteType>
<MethodType>POST</MethodType>
<MethodType2>POST</MethodType2></StylePolicyAction><StylePolicyAction name="JSAPIMockInq_rule_Activacion_gatewayscript_1" xmlns:env="http://www.w3.org/2003/05/soap-envelope" xmlns:dp="http://www.datapower.com/schemas/management">
<mAdminState>enabled</mAdminState>
<Type>gatewayscript</Type>
<Input>validate.request</Input>
<ParseSettingsReference>
<URL/>
<Literal/>
<Default/></ParseSettingsReference>
<ParseMetricsResultType>none</ParseMetricsResultType>
<TransformLanguage>none</TransformLanguage>
<GatewayScriptLocation>local:///services/APIMockInq/js/JSAPIauth.js</GatewayScriptLocation>
<ActionDebug persisted="false">off</ActionDebug>
<Output>gs.auth</Output>
<NamedInOutLocationType>default</NamedInOutLocationType>
<SSLClientConfigType>proxy</SSLClientConfigType>
<Transactional>off</Transactional>
<SOAPValidation>body</SOAPValidation>
<SQLSourceType>static</SQLSourceType>
<JWSVerifyStripSignature>on</JWSVerifyStripSignature>
<Asynchronous>off</Asynchronous>
<ResultsMode>first-available</ResultsMode>
<RetryCount>0</RetryCount>
<RetryInterval>1000</RetryInterval>
<MultipleOutputs>off</MultipleOutputs>
<IteratorType>XPATH</IteratorType>
<Timeout>0</Timeout>
<MethodRewriteType>GET</MethodRewriteType>
<MethodType>POST</MethodType>
<MethodType2>POST</MethodType2></StylePolicyAction><AAAPolicy name="mock.aaa.policy" xmlns:env="http://www.w3.org/2003/05/soap-envelope" xmlns:dp="http://www.datapower.com/schemas/management">
<mAdminState>enabled</mAdminState>
<ExtractIdentity>
<EIBitmap>
<http-basic-auth>on</http-basic-auth>
<wssec-username>off</wssec-username>
<wssec-derived-key>off</wssec-derived-key>
<wssec-binary-token>off</wssec-binary-token>
<ws-secure-conversation>off</ws-secure-conversation>
<ws-trust>off</ws-trust>
<kerberos>off</kerberos>
<kerberos-spnego>off</kerberos-spnego>
<client-ssl>off</client-ssl>
<saml-attr-name>off</saml-attr-name>
<saml-authen-name>off</saml-authen-name>
<saml-artifact>off</saml-artifact>
<client-ip-address>off</client-ip-address>
<signer-dn>off</signer-dn>
<token>off</token>
<cookie-token>off</cookie-token>
<ltpa>off</ltpa>
<metadata>off</metadata>
<jwt>off</jwt>
<custom>off</custom>
<html-forms-auth>off</html-forms-auth>
<social-login>off</social-login>
<oauth>off</oauth></EIBitmap>
<EICustomURL/>
<EIXPath/>
<EISignerDNValcred/>
<EICookieName/>
<EIBasicAuthRealm>login</EIBasicAuthRealm>
<EIUseWSSec>off</EIUseWSSec>
<EIMetadata/>
<EIAllowRemoteTokenReference>off</EIAllowRemoteTokenReference>
<EIRemoteTokenProcessService/>
<EIPasswordRetrievalMechanism>xmlfile</EIPasswordRetrievalMechanism>
<EIPasswordRetrievalCustomURL/>
<EIPasswordRetrievalAAAInfoURL/>
<EISSLProxyProfile/>
<EIFormsLoginPolicy/>
<EIOAuthClientGroup/>
<EISSLClientConfigType>proxy</EISSLClientConfigType>
<EISSLClientProfile/>
<EIJWTValidator/>
<EISocialLoginPolicy/>
<EISAMLResponseValCred/></ExtractIdentity>
<Authenticate>
<AUMethod>xmlfile</AUMethod>
<AUCustomURL/>
<AUMapURL>local:///commons/aaa/aaa.cardsinfo.xml</AUMapURL>
<AUHost/>
<AUPort/>
<AUSSLValcred/>
<AUCacheAllow>absolute</AUCacheAllow>
<AUCacheTTL>3</AUCacheTTL>
<AUKerberosPrincipal/>
<AUKerberosPassword/>
<AUClearTrustServerURL/>
<AUClearTrustApplication/>
<AUSAMLArtifactResponder/>
<AUKerberosVerifySignature>on</AUKerberosVerifySignature>
<AUNetegrityBaseURI/>
<AUSAMLAuthQueryServer/>
<AUSAMLVersion>1.1</AUSAMLVersion>
<AULDAPPrefix>cn=</AULDAPPrefix>
<AULDAPSuffix/>
<AULDAPLoadBalanceGroup/>
<AUKerberosKeytab/>
<AUWSTrustURL/>
<AUSAML2Issuer/>
<AUSignerValcred/>
<AUSignedXPath/>
<AUSSLProxyProfile/>
<AUNetegrityConfig/>
<AULDAPBindDN/>
<AULDAPBindPassword/>
<AULDAPSearchAttribute>userPassword</AULDAPSearchAttribute>
<AULTPATokenVersionsBitmap>
<LTPA>off</LTPA>
<LTPA2>on</LTPA2>
<LTPADomino>off</LTPADomino></AULTPATokenVersionsBitmap>
<AULTPAKeyFile/>
<AULTPAKeyFilePassword/>
<AULTPAStashFile/>
<AUBinaryTokenX509Valcred/>
<AUTAMServer/>
<AUAllowRemoteTokenReference>off</AUAllowRemoteTokenReference>
<AURemoteTokenProcessService/>
<AUWSTrustVersion>1.2</AUWSTrustVersion>
<AULDAPSearchForDN>off</AULDAPSearchForDN>
<AULDAPSearchParameters/>
<AUWSTrustRequireClientEntropy>off</AUWSTrustRequireClientEntropy>
<AUWSTrustClientEntropySize>32</AUWSTrustClientEntropySize>
<AUWSTrustRequireServerEntropy>off</AUWSTrustRequireServerEntropy>
<AUWSTrustServerEntropySize>32</AUWSTrustServerEntropySize>
<AUWSTrustRequireRSTC>off</AUWSTrustRequireRSTC>
<AUWSTrustRequireAppliesToHeader>off</AUWSTrustRequireAppliesToHeader>
<AUWSTrustAppliesToHeader/>
<AUWSTrustEncryptionCertificate/>
<AUZOSNSSConfig/>
<AULDAPAttributes/>
<AUSkewTime>0</AUSkewTime>
<AUTAMPACReturn>off</AUTAMPACReturn>
<AULDAPReadTimeout>60</AULDAPReadTimeout>
<AUSSLClientConfigType>proxy</AUSSLClientConfigType>
<AUSSLClientProfile/>
<AULDAPBindPasswordAlias/>
<AULTPAKeyFilePasswordAlias/>
<AUSMRequestType>webagent</AUSMRequestType>
<AUSMCookieFlow>
<frontend>off</frontend>
<backend>off</backend></AUSMCookieFlow>
<AUSMHeaderFlow>
<frontend>off</frontend>
<backend>off</backend></AUSMHeaderFlow>
<AUSMCookieAttributes/>
<AUCacheControl>default</AUCacheControl></Authenticate>
<MapCredentials>
<MCMethod>none</MCMethod>
<MCCustomURL/>
<MCMapURL/>
<MCMapXPath/>
<MCTFIMEndpoint/></MapCredentials>
<ExtractResource>
<ERBitmap>
<target-url>off</target-url>
<original-url>on</original-url>
<request-uri>off</request-uri>
<request-opname>off</request-opname>
<http-method>on</http-method>
<XPath>off</XPath>
<metadata>off</metadata></ERBitmap>
<ERXPath/>
<ERMetadata/></ExtractResource>
<MapResource>
<MRMethod>none</MRMethod>
<MRCustomURL/>
<MRMapURL/>
<MRMapXPath/>
<MRTAMMap>WebSEAL</MRTAMMap>
<MRTAMInstancePrefix/>
<MRTAMWebSEALDynURLFile/></MapResource>
<Authorize>
<AZMethod>xmlfile</AZMethod>
<AZCustomURL/>
<AZMapURL>local:///commons/aaa/aaa.cardsinfo.xml</AZMapURL>
<AZHost/>
<AZPort/>
<AZLDAPGroup/>
<AZValcred/>
<AZSAMLURL/>
<AZSAMLType>any</AZSAMLType>
<AZSAMLXPath/>
<AZSAMLNameQualifier/>
<AZCacheAllow>absolute</AZCacheAllow>
<AZCacheTTL>3</AZCacheTTL>
<AZNetegrityBaseURI/>
<AZNetegrityOpNameExtension/>
<AZClearTrustServerURL/>
<AZSAMLVersion>1.1</AZSAMLVersion>
<AZLDAPLoadBalanceGroup/>
<AZLDAPBindDN/>
<AZLDAPBindPassword/>
<AZLDAPGroupAttribute>member</AZLDAPGroupAttribute>
<AZSSLProxyProfile/>
<AZNetegrityConfig/>
<AZLDAPSearchScope>subtree</AZLDAPSearchScope>
<AZLDAPSearchFilter>(objectClass=*)</AZLDAPSearchFilter>
<AZXACMLVersion>2.0</AZXACMLVersion>
<AZXACMLPEPType>deny-biased</AZXACMLPEPType>
<AZXACMLUseOnBoxPDP>on</AZXACMLUseOnBoxPDP>
<AZXACMLPDP/>
<AZXACMLExternalPDPUrl/>
<AZXACMLBindingMethod>custom</AZXACMLBindingMethod>
<AZXACMLBindingObject/>
<AZXACMLBindingXSL/>
<AZXACMLCustomObligation/>
<AZXACMLUseSAML2>off</AZXACMLUseSAML2>
<AZTAMServer/>
<AZTAMDefaultAction>T</AZTAMDefaultAction>
<AZTAMActionResourceMap/>
<AZXACMLUseSOAP>off</AZXACMLUseSOAP>
<AZZOSNSSConfig/>
<AZSAFDefaultAction>r</AZSAFDefaultAction>
<AZLDAPAttributes/>
<AZSkewTime>0</AZSkewTime>
<AZOAuthValidationEndpointType>tfim</AZOAuthValidationEndpointType>
<AZTFIMEndpoint/>
<AZOAuthEnforceScope>off</AZOAuthEnforceScope>
<AZOAuthExportHeaders>on</AZOAuthExportHeaders>
<AZTAMPACReturn>off</AZTAMPACReturn>
<AZTAMPACUse>off</AZTAMPACUse>
<AZLDAPReadTimeout>60</AZLDAPReadTimeout>
<AZSSLClientConfigType>proxy</AZSSLClientConfigType>
<AZSSLClientProfile/>
<AZLDAPBindPasswordAlias/>
<AZSMRequestType>webagent</AZSMRequestType>
<AZSMCookieFlow>
<frontend>off</frontend>
<backend>off</backend></AZSMCookieFlow>
<AZSMHeaderFlow>
<frontend>off</frontend>
<backend>off</backend></AZSMHeaderFlow>
<AZSMCookieAttributes/>
<AZCacheControl>default</AZCacheControl></Authorize>
<PostProcess>
<PPEnabled>off</PPEnabled>
<PPCustomURL/>
<PPSAMLAuthAssertion>off</PPSAMLAuthAssertion>
<PPSAMLServerName>XS</PPSAMLServerName>
<PPSAMLNameQualifier/>
<PPKerberosTicket>off</PPKerberosTicket>
<PPKerberosClient/>
<PPKerberosClientPassword/>
<PPKerberosServer/>
<PPWSTrust>off</PPWSTrust>
<PPTimestamp>on</PPTimestamp>
<PPTimestampExpiry>0</PPTimestampExpiry>
<PPAllowRenewal>off</PPAllowRenewal>
<PPSAMLVersion>2.0</PPSAMLVersion>
<PPSAMLSendSLO>off</PPSAMLSendSLO>
<PPSAMLSLOEndpoint/>
<PPSSLProxyProfile/>
<PPWSUsernameToken>off</PPWSUsernameToken>
<PPWSUsernameTokenPasswordType>Digest</PPWSUsernameTokenPasswordType>
<PPSAMLValidity>0</PPSAMLValidity>
<PPSAMLSkew>0</PPSAMLSkew>
<PPWSUsernameTokenIncludePwd>on</PPWSUsernameTokenIncludePwd>
<PPLTPA>off</PPLTPA>
<PPLTPAVersion>LTPA2</PPLTPAVersion>
<PPLTPAExpiry>600</PPLTPAExpiry>
<PPLTPAKeyFile/>
<PPLTPAKeyFilePassword/>
<PPLTPAStashFile/>
<PPKerberosSPNEGOToken>off</PPKerberosSPNEGOToken>
<PPKerberosBstValueType>http://docs.oasis-open.org/wss/oasis-wss-kerberos-token-profile-1.1#GSS_Kerberosv5_AP_REQ</PPKerberosBstValueType>
<PPSAMLUseWSSec>off</PPSAMLUseWSSec>
<PPKerberosClientKeytab/>
<PPUseWSSec>off</PPUseWSSec>
<PPActorRoleID/>
<PPTFIMTokenMapping>off</PPTFIMTokenMapping>
<PPTFIMEndpoint/>
<PPWSDerivedKeyUsernameToken>off</PPWSDerivedKeyUsernameToken>
<PPWSDerivedKeyUsernameTokenIterations>1000</PPWSDerivedKeyUsernameTokenIterations>
<PPWSUsernameTokenAllowReplacement>off</PPWSUsernameTokenAllowReplacement>
<PPTFIMReplaceMethod>all</PPTFIMReplaceMethod>
<PPTFIMRetrieveMode>CallTFIM</PPTFIMRetrieveMode>
<PPHMACSigningAlg>hmac-sha1</PPHMACSigningAlg>
<PPSigningHashAlg>sha1</PPSigningHashAlg>
<PPWSTrustHeader>off</PPWSTrustHeader>
<PPWSSCKeySource>random</PPWSSCKeySource>
<PPSharedSecretKey/>
<PPWSTrustRenewalWait>0</PPWSTrustRenewalWait>
<PPWSTrustNewInstance>off</PPWSTrustNewInstance>
<PPWSTrustNewKey>off</PPWSTrustNewKey>
<PPWSTrustNeverExpire>off</PPWSTrustNeverExpire>
<PPICRXToken>off</PPICRXToken>
<PPICRXUserRealm/>
<PPSAMLIdentityProvider>off</PPSAMLIdentityProvider>
<PPSAMLProtocol>assertion</PPSAMLProtocol>
<PPSAMLResponseDestination/>
<PPResultWrapup>wssec-new</PPResultWrapup>
<PPSAMLAssertionType>
<authentication>on</authentication>
<attribute>on</attribute>
<authorization>off</authorization></PPSAMLAssertionType>
<PPSAMLSubjectConfirm>bearer</PPSAMLSubjectConfirm>
<PPSAMLNameID>on</PPSAMLNameID>
<PPSAMLNameIDFormat/>
<PPSAMLRecipient/>
<PPSAMLAudience/>
<PPSAMLOmitNotBefore>off</PPSAMLOmitNotBefore>
<PPOneTimeUse>off</PPOneTimeUse>
<PPSAMLProxy>off</PPSAMLProxy>
<PPSAMLProxyAudience/>
<PPSAMLProxyCount>0</PPSAMLProxyCount>
<PPSAMLAuthzAction>AllHTTP</PPSAMLAuthzAction>
<PPSAMLAttributes/>
<PPLTPAInsertCookie>on</PPLTPAInsertCookie>
<PPTAMPACPropagate>off</PPTAMPACPropagate>
<PPTAMHeader>HTTP_IV_CREDS</PPTAMHeader>
<PPTAMHeaderSize>0</PPTAMHeaderSize>
<PPKerberosUseS4U2Proxy>off</PPKerberosUseS4U2Proxy>
<PPCookieAttributes/>
<PPKerberosUseS4U2SelfAndS4U2Proxy>off</PPKerberosUseS4U2SelfAndS4U2Proxy>
<PPKerberosClientSource>mc-output</PPKerberosClientSource>
<PPKerberosSelf/>
<PPKerberosSelfKeytab/>
<PPKerberosClientCustomURL/>
<PPKerberosClientCtxVar/>
<PPKerberosServerSource>as-is-string</PPKerberosServerSource>
<PPKerberosServerCustomURL/>
<PPKerberosServerCtxVar/>
<PPSSLClientConfigType>proxy</PPSSLClientConfigType>
<PPSSLClientProfile/>
<PPLTPAKeyFilePasswordAlias/>
<PPJWT>off</PPJWT>
<PPJWTGenerator/></PostProcess>
<SAMLSigningHashAlg>sha1</SAMLSigningHashAlg>
<SAMLSigningAlg>rsa</SAMLSigningAlg>
<LDAPsuffix/>
<LogAllowed>on</LogAllowed>
<LogAllowedLevel>info</LogAllowedLevel>
<LogRejected>on</LogRejected>
<LogRejectedLevel>warn</LogRejectedLevel>
<PingIdentityCompatibility>off</PingIdentityCompatibility>
<DoSValve>1</DoSValve>
<LDAPVersion>v2</LDAPVersion>
<EnforceSOAPActor>on</EnforceSOAPActor>
<WSSecActorRoleID/>
<DynConfig>none</DynConfig></AAAPolicy><StylePolicyAction name="JSAPIMockInq_rule_Activacion_aaa_0" xmlns:env="http://www.w3.org/2003/05/soap-envelope" xmlns:dp="http://www.datapower.com/schemas/management">
<mAdminState>enabled</mAdminState>
<Type>aaa</Type>
<Input>gs.auth</Input>
<ParseSettingsReference>
<URL/>
<Literal/>
<Default/></ParseSettingsReference>
<ParseMetricsResultType>none</ParseMetricsResultType>
<TransformLanguage>none</TransformLanguage>
<ActionDebug persisted="false">off</ActionDebug>
<Output>validate.auth</Output>
<NamedInOutLocationType>default</NamedInOutLocationType>
<AAA class="AAAPolicy">mock.aaa.policy</AAA>
<SSLClientConfigType>proxy</SSLClientConfigType>
<Transactional>off</Transactional>
<SOAPValidation>body</SOAPValidation>
<SQLSourceType>static</SQLSourceType>
<JWSVerifyStripSignature>on</JWSVerifyStripSignature>
<Asynchronous>off</Asynchronous>
<ResultsMode>first-available</ResultsMode>
<RetryCount>0</RetryCount>
<RetryInterval>1000</RetryInterval>
<MultipleOutputs>off</MultipleOutputs>
<IteratorType>XPATH</IteratorType>
<Timeout>0</Timeout>
<MethodRewriteType>GET</MethodRewriteType>
<MethodType>POST</MethodType>
<MethodType2>POST</MethodType2></StylePolicyAction><StylePolicyAction name="JSAPIMockInq_rule_Activacion_results_output_0" xmlns:env="http://www.w3.org/2003/05/soap-envelope" xmlns:dp="http://www.datapower.com/schemas/management">
<mAdminState>enabled</mAdminState>
<Type>results</Type>
<Input>validate.request</Input>
<ParseSettingsReference>
<URL/>
<Literal/>
<Default/></ParseSettingsReference>
<ParseMetricsResultType>none</ParseMetricsResultType>
<TransformLanguage>none</TransformLanguage>
<ActionDebug persisted="false">off</ActionDebug>
<NamedInOutLocationType>default</NamedInOutLocationType>
<SSLClientConfigType>proxy</SSLClientConfigType>
<OutputType>default</OutputType>
<Transactional>off</Transactional>
<SOAPValidation>body</SOAPValidation>
<SQLSourceType>static</SQLSourceType>
<JWSVerifyStripSignature>on</JWSVerifyStripSignature>
<Asynchronous>off</Asynchronous>
<ResultsMode>first-available</ResultsMode>
<RetryCount>0</RetryCount>
<RetryInterval>1000</RetryInterval>
<MultipleOutputs>off</MultipleOutputs>
<IteratorType>XPATH</IteratorType>
<Timeout>0</Timeout>
<MethodRewriteType>GET</MethodRewriteType>
<MethodType>POST</MethodType>
<MethodType2>POST</MethodType2></StylePolicyAction><StylePolicyRule name="JSAPIMockInq_rule_Activacion" xmlns:env="http://www.w3.org/2003/05/soap-envelope" xmlns:dp="http://www.datapower.com/schemas/management">
<mAdminState>enabled</mAdminState>
<Direction>request-rule</Direction>
<InputFormat>none</InputFormat>
<OutputFormat>none</OutputFormat>
<NonXMLProcessing>off</NonXMLProcessing>
<Unprocessed>off</Unprocessed>
<Actions class="StylePolicyAction">JSAPIMockInq_rule_Activacion_jose-decrypt_0</Actions>
<Actions class="StylePolicyAction">JSAPIMockInq_rule_Activacion_jose-verify_0</Actions>
<Actions class="StylePolicyAction">JSAPIMockInq_rule_Activacion_validate_5</Actions>
<Actions class="StylePolicyAction">JSAPIMockInq_rule_Activacion_method-rewrite_0</Actions>
<Actions class="StylePolicyAction">JSAPIMockInq_rule_Activacion_gatewayscript_1</Actions>
<Actions class="StylePolicyAction">JSAPIMockInq_rule_Activacion_aaa_0</Actions>
<Actions class="StylePolicyAction">JSAPIMockInq_rule_Activacion_results_output_0</Actions></StylePolicyRule><Matching name="APIMockAs" xmlns:env="http://www.w3.org/2003/05/soap-envelope" xmlns:dp="http://www.datapower.com/schemas/management">
<mAdminState>enabled</mAdminState>
<MatchRules>
<Type>url</Type>
<HttpTag/>
<HttpValue/>
<Url>/ServicioAdministrativosMockAPI/Asignacion</Url>
<ErrorCode/>
<XPATHExpression/>
<Method>default</Method>
<CustomMethod/></MatchRules>
<MatchWithPCRE>off</MatchWithPCRE>
<CombineWithOr>off</CombineWithOr></Matching><StylePolicyAction name="JSAPIMockInq_rule_Asignacion_jose-decrypt_0" xmlns:env="http://www.w3.org/2003/05/soap-envelope" xmlns:dp="http://www.datapower.com/schemas/management">
<mAdminState>enabled</mAdminState>
<Type>jose-decrypt</Type>
<Input>INPUT</Input>
<ParseSettingsReference>
<URL/>
<Literal/>
<Default/></ParseSettingsReference>
<ParseMetricsResultType>none</ParseMetricsResultType>
<TransformLanguage>none</TransformLanguage>
<GatewayScriptLocation>store:///js/jose-decrypt.js</GatewayScriptLocation>
<ActionDebug persisted="false">off</ActionDebug>
<Output>decrypt.request</Output>
<NamedInOutLocationType>default</NamedInOutLocationType>
<SSLClientConfigType>proxy</SSLClientConfigType>
<Transactional>off</Transactional>
<SOAPValidation>body</SOAPValidation>
<SQLSourceType>static</SQLSourceType>
<JOSEDecryptType>identifiers</JOSEDecryptType>
<RecipientIdentifier class="JOSERecipientIdentifier">APIRecipient</RecipientIdentifier>
<JWSVerifyStripSignature>on</JWSVerifyStripSignature>
<Asynchronous>off</Asynchronous>
<ResultsMode>first-available</ResultsMode>
<RetryCount>0</RetryCount>
<RetryInterval>1000</RetryInterval>
<MultipleOutputs>off</MultipleOutputs>
<IteratorType>XPATH</IteratorType>
<Timeout>0</Timeout>
<MethodRewriteType>GET</MethodRewriteType>
<MethodType>POST</MethodType>
<MethodType2>POST</MethodType2></StylePolicyAction><StylePolicyAction name="JSAPIMockInq_rule_Asignacion_jose-verify_0" xmlns:env="http://www.w3.org/2003/05/soap-envelope" xmlns:dp="http://www.datapower.com/schemas/management">
<mAdminState>enabled</mAdminState>
<Type>jose-verify</Type>
<Input>decrypt.request</Input>
<ParseSettingsReference>
<URL/>
<Literal/>
<Default/></ParseSettingsReference>
<ParseMetricsResultType>none</ParseMetricsResultType>
<TransformLanguage>none</TransformLanguage>
<GatewayScriptLocation>store:///js/jose-verify.js</GatewayScriptLocation>
<ActionDebug persisted="false">off</ActionDebug>
<Output>verify.request</Output>
<NamedInOutLocationType>default</NamedInOutLocationType>
<SSLClientConfigType>proxy</SSLClientConfigType>
<Transactional>off</Transactional>
<SOAPValidation>body</SOAPValidation>
<SQLSourceType>static</SQLSourceType>
<JOSEVerifyType>identifiers</JOSEVerifyType>
<SignatureIdentifier class="JOSESignatureIdentifier">verify.wss.signature</SignatureIdentifier>
<JWSVerifyStripSignature>on</JWSVerifyStripSignature>
<Asynchronous>off</Asynchronous>
<ResultsMode>first-available</ResultsMode>
<RetryCount>0</RetryCount>
<RetryInterval>1000</RetryInterval>
<MultipleOutputs>off</MultipleOutputs>
<IteratorType>XPATH</IteratorType>
<Timeout>0</Timeout>
<MethodRewriteType>GET</MethodRewriteType>
<MethodType>POST</MethodType>
<MethodType2>POST</MethodType2></StylePolicyAction><StylePolicyAction name="JSAPIMockInq_rule_Asignacion_validate_5" xmlns:env="http://www.w3.org/2003/05/soap-envelope" xmlns:dp="http://www.datapower.com/schemas/management">
<mAdminState>enabled</mAdminState>
<Type>validate</Type>
<Input>verify.request</Input>
<ParseSettingsReference>
<URL/>
<Literal/>
<Default/></ParseSettingsReference>
<ParseMetricsResultType>none</ParseMetricsResultType>
<TransformLanguage>none</TransformLanguage>
<ActionDebug persisted="false">off</ActionDebug>
<Output>validate.request</Output>
<NamedInOutLocationType>default</NamedInOutLocationType>
<JSONSchemaURL>local:///services/APICardAdminInq/js/JSAPICardSchema.json</JSONSchemaURL>
<SSLClientConfigType>proxy</SSLClientConfigType>
<Transactional>off</Transactional>
<SOAPValidation>body</SOAPValidation>
<SQLSourceType>static</SQLSourceType>
<JWSVerifyStripSignature>on</JWSVerifyStripSignature>
<Asynchronous>off</Asynchronous>
<ResultsMode>first-available</ResultsMode>
<RetryCount>0</RetryCount>
<RetryInterval>1000</RetryInterval>
<MultipleOutputs>off</MultipleOutputs>
<IteratorType>XPATH</IteratorType>
<Timeout>0</Timeout>
<MethodRewriteType>GET</MethodRewriteType>
<MethodType>POST</MethodType>
<MethodType2>POST</MethodType2></StylePolicyAction><StylePolicyAction name="JSAPIMockInq_rule_Asignacion_method-rewrite_0" xmlns:env="http://www.w3.org/2003/05/soap-envelope" xmlns:dp="http://www.datapower.com/schemas/management">
<mAdminState>enabled</mAdminState>
<Type>method-rewrite</Type>
<ParseSettingsReference>
<URL/>
<Literal/>
<Default/></ParseSettingsReference>
<ParseMetricsResultType>none</ParseMetricsResultType>
<TransformLanguage>none</TransformLanguage>
<ActionDebug persisted="false">off</ActionDebug>
<NamedInOutLocationType>default</NamedInOutLocationType>
<SSLClientConfigType>proxy</SSLClientConfigType>
<Transactional>off</Transactional>
<SOAPValidation>body</SOAPValidation>
<SQLSourceType>static</SQLSourceType>
<JWSVerifyStripSignature>on</JWSVerifyStripSignature>
<Asynchronous>off</Asynchronous>
<ResultsMode>first-available</ResultsMode>
<RetryCount>0</RetryCount>
<RetryInterval>1000</RetryInterval>
<MultipleOutputs>off</MultipleOutputs>
<IteratorType>XPATH</IteratorType>
<Timeout>0</Timeout>
<MethodRewriteType>POST</MethodRewriteType>
<MethodType>POST</MethodType>
<MethodType2>POST</MethodType2></StylePolicyAction><StylePolicyAction name="JSAPIMockInq_rule_Asignacion_results_output_0" xmlns:env="http://www.w3.org/2003/05/soap-envelope" xmlns:dp="http://www.datapower.com/schemas/management">
<mAdminState>enabled</mAdminState>
<Type>results</Type>
<Input>validate.request</Input>
<ParseSettingsReference>
<URL/>
<Literal/>
<Default/></ParseSettingsReference>
<ParseMetricsResultType>none</ParseMetricsResultType>
<TransformLanguage>none</TransformLanguage>
<ActionDebug persisted="false">off</ActionDebug>
<NamedInOutLocationType>default</NamedInOutLocationType>
<SSLClientConfigType>proxy</SSLClientConfigType>
<OutputType>default</OutputType>
<Transactional>off</Transactional>
<SOAPValidation>body</SOAPValidation>
<SQLSourceType>static</SQLSourceType>
<JWSVerifyStripSignature>on</JWSVerifyStripSignature>
<Asynchronous>off</Asynchronous>
<ResultsMode>first-available</ResultsMode>
<RetryCount>0</RetryCount>
<RetryInterval>1000</RetryInterval>
<MultipleOutputs>off</MultipleOutputs>
<IteratorType>XPATH</IteratorType>
<Timeout>0</Timeout>
<MethodRewriteType>GET</MethodRewriteType>
<MethodType>POST</MethodType>
<MethodType2>POST</MethodType2></StylePolicyAction><StylePolicyRule name="JSAPIMockInq_rule_Asignacion" xmlns:env="http://www.w3.org/2003/05/soap-envelope" xmlns:dp="http://www.datapower.com/schemas/management">
<mAdminState>enabled</mAdminState>
<Direction>request-rule</Direction>
<InputFormat>none</InputFormat>
<OutputFormat>none</OutputFormat>
<NonXMLProcessing>off</NonXMLProcessing>
<Unprocessed>off</Unprocessed>
<Actions class="StylePolicyAction">JSAPIMockInq_rule_Asignacion_jose-decrypt_0</Actions>
<Actions class="StylePolicyAction">JSAPIMockInq_rule_Asignacion_jose-verify_0</Actions>
<Actions class="StylePolicyAction">JSAPIMockInq_rule_Asignacion_validate_5</Actions>
<Actions class="StylePolicyAction">JSAPIMockInq_rule_Asignacion_method-rewrite_0</Actions>
<Actions class="StylePolicyAction">JSAPIMockInq_rule_Asignacion_results_output_0</Actions></StylePolicyRule><Matching name="APIMockBl" xmlns:env="http://www.w3.org/2003/05/soap-envelope" xmlns:dp="http://www.datapower.com/schemas/management">
<mAdminState>enabled</mAdminState>
<MatchRules>
<Type>url</Type>
<HttpTag/>
<HttpValue/>
<Url>/ServicioAdministrativosMockAPI/Bloqueo</Url>
<ErrorCode/>
<XPATHExpression/>
<Method>default</Method>
<CustomMethod/></MatchRules>
<MatchWithPCRE>off</MatchWithPCRE>
<CombineWithOr>off</CombineWithOr></Matching><StylePolicyAction name="JSAPIMockInq_rule_Bloqueo_jose-decrypt_0" xmlns:env="http://www.w3.org/2003/05/soap-envelope" xmlns:dp="http://www.datapower.com/schemas/management">
<mAdminState>enabled</mAdminState>
<Type>jose-decrypt</Type>
<Input>INPUT</Input>
<ParseSettingsReference>
<URL/>
<Literal/>
<Default/></ParseSettingsReference>
<ParseMetricsResultType>none</ParseMetricsResultType>
<TransformLanguage>none</TransformLanguage>
<GatewayScriptLocation>store:///js/jose-decrypt.js</GatewayScriptLocation>
<ActionDebug persisted="false">off</ActionDebug>
<Output>decrypt.response</Output>
<NamedInOutLocationType>default</NamedInOutLocationType>
<SSLClientConfigType>proxy</SSLClientConfigType>
<Transactional>off</Transactional>
<SOAPValidation>body</SOAPValidation>
<SQLSourceType>static</SQLSourceType>
<JOSEDecryptType>identifiers</JOSEDecryptType>
<RecipientIdentifier class="JOSERecipientIdentifier">APIRecipient</RecipientIdentifier>
<JWSVerifyStripSignature>on</JWSVerifyStripSignature>
<Asynchronous>off</Asynchronous>
<ResultsMode>first-available</ResultsMode>
<RetryCount>0</RetryCount>
<RetryInterval>1000</RetryInterval>
<MultipleOutputs>off</MultipleOutputs>
<IteratorType>XPATH</IteratorType>
<Timeout>0</Timeout>
<MethodRewriteType>GET</MethodRewriteType>
<MethodType>POST</MethodType>
<MethodType2>POST</MethodType2></StylePolicyAction><StylePolicyAction name="JSAPIMockInq_rule_Bloqueo_jose-verify_0" xmlns:env="http://www.w3.org/2003/05/soap-envelope" xmlns:dp="http://www.datapower.com/schemas/management">
<mAdminState>enabled</mAdminState>
<Type>jose-verify</Type>
<Input>decrypt.response</Input>
<ParseSettingsReference>
<URL/>
<Literal/>
<Default/></ParseSettingsReference>
<ParseMetricsResultType>none</ParseMetricsResultType>
<TransformLanguage>none</TransformLanguage>
<GatewayScriptLocation>store:///js/jose-verify.js</GatewayScriptLocation>
<ActionDebug persisted="false">off</ActionDebug>
<Output>verify.request</Output>
<NamedInOutLocationType>default</NamedInOutLocationType>
<SSLClientConfigType>proxy</SSLClientConfigType>
<Transactional>off</Transactional>
<SOAPValidation>body</SOAPValidation>
<SQLSourceType>static</SQLSourceType>
<JOSEVerifyType>identifiers</JOSEVerifyType>
<SignatureIdentifier class="JOSESignatureIdentifier">verify.wss.signature</SignatureIdentifier>
<JWSVerifyStripSignature>on</JWSVerifyStripSignature>
<Asynchronous>off</Asynchronous>
<ResultsMode>first-available</ResultsMode>
<RetryCount>0</RetryCount>
<RetryInterval>1000</RetryInterval>
<MultipleOutputs>off</MultipleOutputs>
<IteratorType>XPATH</IteratorType>
<Timeout>0</Timeout>
<MethodRewriteType>GET</MethodRewriteType>
<MethodType>POST</MethodType>
<MethodType2>POST</MethodType2></StylePolicyAction><StylePolicyAction name="JSAPIMockInq_rule_Bloqueo_validate_20" xmlns:env="http://www.w3.org/2003/05/soap-envelope" xmlns:dp="http://www.datapower.com/schemas/management">
<mAdminState>enabled</mAdminState>
<Type>validate</Type>
<Input>verify.request</Input>
<ParseSettingsReference>
<URL/>
<Literal/>
<Default/></ParseSettingsReference>
<ParseMetricsResultType>none</ParseMetricsResultType>
<TransformLanguage>none</TransformLanguage>
<ActionDebug persisted="false">off</ActionDebug>
<Output>validate.request</Output>
<NamedInOutLocationType>default</NamedInOutLocationType>
<JSONSchemaURL>local:///services/APICardAdminInq/js/JSAPICardSchema.json</JSONSchemaURL>
<SSLClientConfigType>proxy</SSLClientConfigType>
<Transactional>off</Transactional>
<SOAPValidation>body</SOAPValidation>
<SQLSourceType>static</SQLSourceType>
<JWSVerifyStripSignature>on</JWSVerifyStripSignature>
<Asynchronous>off</Asynchronous>
<ResultsMode>first-available</ResultsMode>
<RetryCount>0</RetryCount>
<RetryInterval>1000</RetryInterval>
<MultipleOutputs>off</MultipleOutputs>
<IteratorType>XPATH</IteratorType>
<Timeout>0</Timeout>
<MethodRewriteType>GET</MethodRewriteType>
<MethodType>POST</MethodType>
<MethodType2>POST</MethodType2></StylePolicyAction><StylePolicyAction name="JSAPIMockInq_rule_Bloqueo_method-rewrite_0" xmlns:env="http://www.w3.org/2003/05/soap-envelope" xmlns:dp="http://www.datapower.com/schemas/management">
<mAdminState>enabled</mAdminState>
<Type>method-rewrite</Type>
<ParseSettingsReference>
<URL/>
<Literal/>
<Default/></ParseSettingsReference>
<ParseMetricsResultType>none</ParseMetricsResultType>
<TransformLanguage>none</TransformLanguage>
<ActionDebug persisted="false">off</ActionDebug>
<NamedInOutLocationType>default</NamedInOutLocationType>
<SSLClientConfigType>proxy</SSLClientConfigType>
<Transactional>off</Transactional>
<SOAPValidation>body</SOAPValidation>
<SQLSourceType>static</SQLSourceType>
<JWSVerifyStripSignature>on</JWSVerifyStripSignature>
<Asynchronous>off</Asynchronous>
<ResultsMode>first-available</ResultsMode>
<RetryCount>0</RetryCount>
<RetryInterval>1000</RetryInterval>
<MultipleOutputs>off</MultipleOutputs>
<IteratorType>XPATH</IteratorType>
<Timeout>0</Timeout>
<MethodRewriteType>POST</MethodRewriteType>
<MethodType>POST</MethodType>
<MethodType2>POST</MethodType2></StylePolicyAction><StylePolicyAction name="JSAPIMockInq_rule_Bloqueo_results_output_0" xmlns:env="http://www.w3.org/2003/05/soap-envelope" xmlns:dp="http://www.datapower.com/schemas/management">
<mAdminState>enabled</mAdminState>
<Type>results</Type>
<Input>validate.request</Input>
<ParseSettingsReference>
<URL/>
<Literal/>
<Default/></ParseSettingsReference>
<ParseMetricsResultType>none</ParseMetricsResultType>
<TransformLanguage>none</TransformLanguage>
<ActionDebug persisted="false">off</ActionDebug>
<NamedInOutLocationType>default</NamedInOutLocationType>
<SSLClientConfigType>proxy</SSLClientConfigType>
<OutputType>default</OutputType>
<Transactional>off</Transactional>
<SOAPValidation>body</SOAPValidation>
<SQLSourceType>static</SQLSourceType>
<JWSVerifyStripSignature>on</JWSVerifyStripSignature>
<Asynchronous>off</Asynchronous>
<ResultsMode>first-available</ResultsMode>
<RetryCount>0</RetryCount>
<RetryInterval>1000</RetryInterval>
<MultipleOutputs>off</MultipleOutputs>
<IteratorType>XPATH</IteratorType>
<Timeout>0</Timeout>
<MethodRewriteType>GET</MethodRewriteType>
<MethodType>POST</MethodType>
<MethodType2>POST</MethodType2></StylePolicyAction><StylePolicyRule name="JSAPIMockInq_rule_Bloqueo" xmlns:env="http://www.w3.org/2003/05/soap-envelope" xmlns:dp="http://www.datapower.com/schemas/management">
<mAdminState>enabled</mAdminState>
<Direction>request-rule</Direction>
<InputFormat>none</InputFormat>
<OutputFormat>none</OutputFormat>
<NonXMLProcessing>off</NonXMLProcessing>
<Unprocessed>off</Unprocessed>
<Actions class="StylePolicyAction">JSAPIMockInq_rule_Bloqueo_jose-decrypt_0</Actions>
<Actions class="StylePolicyAction">JSAPIMockInq_rule_Bloqueo_jose-verify_0</Actions>
<Actions class="StylePolicyAction">JSAPIMockInq_rule_Bloqueo_validate_20</Actions>
<Actions class="StylePolicyAction">JSAPIMockInq_rule_Bloqueo_method-rewrite_0</Actions>
<Actions class="StylePolicyAction">JSAPIMockInq_rule_Bloqueo_results_output_0</Actions></StylePolicyRule><StylePolicyAction name="APIMockInq_rule_1_xform_1" xmlns:env="http://www.w3.org/2003/05/soap-envelope" xmlns:dp="http://www.datapower.com/schemas/management">
<mAdminState>enabled</mAdminState>
<Type>xform</Type>
<Input>NULL</Input>
<Transform>local:///services/APIMockInq/xsl/Error_Response.xslt</Transform>
<ParseSettingsReference>
<URL/>
<Literal/>
<Default/></ParseSettingsReference>
<ParseMetricsResultType>none</ParseMetricsResultType>
<TransformLanguage>none</TransformLanguage>
<ActionDebug persisted="false">off</ActionDebug>
<Output>transform.error</Output>
<NamedInOutLocationType>default</NamedInOutLocationType>
<SSLClientConfigType>proxy</SSLClientConfigType>
<OutputType>default</OutputType>
<Transactional>off</Transactional>
<SOAPValidation>body</SOAPValidation>
<SQLSourceType>static</SQLSourceType>
<JWSVerifyStripSignature>on</JWSVerifyStripSignature>
<Asynchronous>off</Asynchronous>
<ResultsMode>first-available</ResultsMode>
<RetryCount>0</RetryCount>
<RetryInterval>1000</RetryInterval>
<MultipleOutputs>off</MultipleOutputs>
<IteratorType>XPATH</IteratorType>
<Timeout>0</Timeout>
<MethodRewriteType>GET</MethodRewriteType>
<MethodType>POST</MethodType>
<MethodType2>POST</MethodType2></StylePolicyAction><StylePolicyAction name="APIMockInq_rule_1_results_output_0" xmlns:env="http://www.w3.org/2003/05/soap-envelope" xmlns:dp="http://www.datapower.com/schemas/management">
<mAdminState>enabled</mAdminState>
<Type>results</Type>
<Input>transform.error</Input>
<ParseSettingsReference>
<URL/>
<Literal/>
<Default/></ParseSettingsReference>
<ParseMetricsResultType>none</ParseMetricsResultType>
<TransformLanguage>none</TransformLanguage>
<ActionDebug persisted="false">off</ActionDebug>
<NamedInOutLocationType>default</NamedInOutLocationType>
<SSLClientConfigType>proxy</SSLClientConfigType>
<OutputType>default</OutputType>
<Transactional>off</Transactional>
<SOAPValidation>body</SOAPValidation>
<SQLSourceType>static</SQLSourceType>
<JWSVerifyStripSignature>on</JWSVerifyStripSignature>
<Asynchronous>off</Asynchronous>
<ResultsMode>first-available</ResultsMode>
<RetryCount>0</RetryCount>
<RetryInterval>1000</RetryInterval>
<MultipleOutputs>off</MultipleOutputs>
<IteratorType>XPATH</IteratorType>
<Timeout>0</Timeout>
<MethodRewriteType>GET</MethodRewriteType>
<MethodType>POST</MethodType>
<MethodType2>POST</MethodType2></StylePolicyAction><StylePolicyRule name="APIMockInq_rule_1" xmlns:env="http://www.w3.org/2003/05/soap-envelope" xmlns:dp="http://www.datapower.com/schemas/management">
<mAdminState>enabled</mAdminState>
<Direction>error-rule</Direction>
<InputFormat>none</InputFormat>
<OutputFormat>none</OutputFormat>
<NonXMLProcessing>off</NonXMLProcessing>
<Unprocessed>off</Unprocessed>
<Actions class="StylePolicyAction">APIMockInq_rule_1_xform_1</Actions>
<Actions class="StylePolicyAction">APIMockInq_rule_1_results_output_0</Actions></StylePolicyRule><StylePolicy name="APIMockInq" xmlns:env="http://www.w3.org/2003/05/soap-envelope" xmlns:dp="http://www.datapower.com/schemas/management">
<mAdminState>enabled</mAdminState>
<DefStylesheetForSoap>store:///filter-reject-all.xsl</DefStylesheetForSoap>
<DefStylesheetForXsl>store:///identity.xsl</DefStylesheetForXsl>
<DefXQueryForJSON>store:///reject-all-json.xq</DefXQueryForJSON>
<PolicyMaps>
<Match class="Matching">Cambiar</Match>
<Rule class="StylePolicyRule">APIMockInq_rule</Rule></PolicyMaps>
<PolicyMaps>
<Match class="Matching">Cambiar</Match>
<Rule class="StylePolicyRule">APIMockInq_rule_Asignacion</Rule></PolicyMaps>
<PolicyMaps>
<Match class="Matching">Cambiar</Match>
<Rule class="StylePolicyRule">APIMockInq_rule_Bloqueo</Rule></PolicyMaps>
<PolicyMaps>
<Match class="Matching">MatchAnyURI</Match>
<Rule class="StylePolicyRule">APIMockInq_rule_Response</Rule></PolicyMaps>
<PolicyMaps>
<Match class="Matching">APIMockAc</Match>
<Rule class="StylePolicyRule">JSAPIMockInq_rule_Activacion</Rule></PolicyMaps>
<PolicyMaps>
<Match class="Matching">APIMockAs</Match>
<Rule class="StylePolicyRule">JSAPIMockInq_rule_Asignacion</Rule></PolicyMaps>
<PolicyMaps>
<Match class="Matching">APIMockBl</Match>
<Rule class="StylePolicyRule">JSAPIMockInq_rule_Bloqueo</Rule></PolicyMaps>
<PolicyMaps>
<Match class="Matching">MatchAnyURI</Match>
<Rule class="StylePolicyRule">APIMockInq_rule_1</Rule></PolicyMaps></StylePolicy><PolicyAttachments name="APIMockInq" xmlns:env="http://www.w3.org/2003/05/soap-envelope" xmlns:dp="http://www.datapower.com/schemas/management">
<mAdminState>enabled</mAdminState>
<EnforcementMode>enforce</EnforcementMode>
<PolicyReferences>on</PolicyReferences>
<SLAEnforcementMode>allow-if-no-sla</SLAEnforcementMode></PolicyAttachments><MultiProtocolGateway name="APIMockInq" xmlns:env="http://www.w3.org/2003/05/soap-envelope" xmlns:dp="http://www.datapower.com/schemas/management">
<mAdminState>enabled</mAdminState>
<Priority>normal</Priority>
<FrontProtocol class="HTTPSSourceProtocolHandler">HTTPS_9120</FrontProtocol>
<FrontProtocol class="HTTPSourceProtocolHandler">HTTP_9119</FrontProtocol>
<XMLManager class="XMLManager">API.xml.manager</XMLManager>
<SSLClientConfigType>client</SSLClientConfigType>
<SSLClient class="SSLClientProfile">api.ssl.cprofile</SSLClient>
<HeaderInjection>
<Direction>front</Direction>
<HeaderTag>Connection</HeaderTag>
<HeaderTagValue>Close</HeaderTagValue></HeaderInjection>
<HeaderInjection>
<Direction>front</Direction>
<HeaderTag>X-Backside-Transport</HeaderTag>
<HeaderTagValue>OK</HeaderTagValue></HeaderInjection>
<HeaderInjection>
<Direction>back</Direction>
<HeaderTag>Connection</HeaderTag>
<HeaderTagValue>Close</HeaderTagValue></HeaderInjection>
<HeaderInjection>
<Direction>back</Direction>
<HeaderTag>X-Backside-Transport</HeaderTag>
<HeaderTagValue>OK</HeaderTagValue></HeaderInjection>
<DefaultParamNamespace>http://www.datapower.com/param/config</DefaultParamNamespace>
<QueryParamNamespace>http://www.datapower.com/param/query</QueryParamNamespace>
<BackendUrl>http://ip.personal.eth0:9150/ServicioAdministrativosMockAPI/Activacion</BackendUrl>
<PropagateURI>on</PropagateURI>
<MonitorProcessingPolicy>terminate-at-first-throttle</MonitorProcessingPolicy>
<RequestAttachments>strip</RequestAttachments>
<ResponseAttachments>strip</ResponseAttachments>
<RequestAttachmentsFlowControl>off</RequestAttachmentsFlowControl>
<ResponseAttachmentsFlowControl>off</ResponseAttachmentsFlowControl>
<RootPartNotFirstAction>process-in-order</RootPartNotFirstAction>
<FrontAttachmentFormat>dynamic</FrontAttachmentFormat>
<BackAttachmentFormat>dynamic</BackAttachmentFormat>
<MIMEFrontHeaders>on</MIMEFrontHeaders>
<MIMEBackHeaders>on</MIMEBackHeaders>
<StreamOutputToBack>buffer-until-verification</StreamOutputToBack>
<StreamOutputToFront>buffer-until-verification</StreamOutputToFront>
<MaxMessageSize>0</MaxMessageSize>
<GatewayParserLimits>off</GatewayParserLimits>
<ParserLimitsElementDepth>512</ParserLimitsElementDepth>
<ParserLimitsAttributeCount>128</ParserLimitsAttributeCount>
<ParserLimitsMaxNodeSize>33554432</ParserLimitsMaxNodeSize>
<ParserLimitsForbidExternalReferences>on</ParserLimitsForbidExternalReferences>
<ParserLimitsExternalReferences>forbid</ParserLimitsExternalReferences>
<ParserLimitsMaxPrefixes>1024</ParserLimitsMaxPrefixes>
<ParserLimitsMaxNamespaces>1024</ParserLimitsMaxNamespaces>
<ParserLimitsMaxLocalNames>60000</ParserLimitsMaxLocalNames>
<ParserLimitsAttachmentByteCount>2000000000</ParserLimitsAttachmentByteCount>
<ParserLimitsAttachmentPackageByteCount>0</ParserLimitsAttachmentPackageByteCount>
<DebugMode persisted="false">on</DebugMode>
<DebuggerType>internal</DebuggerType>
<DebugHistory>25</DebugHistory>
<FlowControl>off</FlowControl>
<SOAPSchemaURL>store:///schemas/soap-envelope.xsd</SOAPSchemaURL>
<FrontTimeout>8</FrontTimeout>
<BackTimeout>6</BackTimeout>
<FrontPersistentTimeout>180</FrontPersistentTimeout>
<BackPersistentTimeout>180</BackPersistentTimeout>
<IncludeResponseTypeEncoding>off</IncludeResponseTypeEncoding>
<BackHTTPVersion>HTTP/1.1</BackHTTPVersion>
<PersistentConnections>on</PersistentConnections>
<LoopDetection>off</LoopDetection>
<DoHostRewriting>on</DoHostRewriting>
<DoChunkedUpload>off</DoChunkedUpload>
<ProcessHTTPErrors>on</ProcessHTTPErrors>
<HTTPClientIPLabel>X-Client-IP</HTTPClientIPLabel>
<HTTPLogCorIDLabel>X-Global-Transaction-ID</HTTPLogCorIDLabel>
<InOrderMode>
<Request>off</Request>
<Backend>off</Backend>
<Response>off</Response></InOrderMode>
<WSAMode>sync2sync</WSAMode>
<WSARequireAAA>on</WSARequireAAA>
<WSAStrip>on</WSAStrip>
<WSADefaultReplyTo>http://schemas.xmlsoap.org/ws/2004/08/addressing/role/anonymous</WSADefaultReplyTo>
<WSADefaultFaultTo>http://schemas.xmlsoap.org/ws/2004/08/addressing/role/anonymous</WSADefaultFaultTo>
<WSAForce>off</WSAForce>
<WSAGenStyle>sync</WSAGenStyle>
<WSAHTTPAsyncResponseCode>204</WSAHTTPAsyncResponseCode>
<WSATimeout>120</WSATimeout>
<WSRMEnabled>off</WSRMEnabled>
<WSRMSequenceExpiration>3600</WSRMSequenceExpiration>
<WSRMDestinationAcceptCreateSequence>on</WSRMDestinationAcceptCreateSequence>
<WSRMDestinationMaximumSequences>400</WSRMDestinationMaximumSequences>
<WSRMDestinationInOrder>off</WSRMDestinationInOrder>
<WSRMDestinationMaximumInOrderQueueLength>10</WSRMDestinationMaximumInOrderQueueLength>
<WSRMDestinationAcceptOffers>off</WSRMDestinationAcceptOffers>
<WSRMFrontForce>off</WSRMFrontForce>
<WSRMBackForce>off</WSRMBackForce>
<WSRMBackCreateSequence>off</WSRMBackCreateSequence>
<WSRMFrontCreateSequence>off</WSRMFrontCreateSequence>
<WSRMSourceMakeOffer>off</WSRMSourceMakeOffer>
<WSRMUsesSequenceSSL>off</WSRMUsesSequenceSSL>
<WSRMSourceMaximumSequences>400</WSRMSourceMaximumSequences>
<WSRMSourceRetransmissionInterval>10</WSRMSourceRetransmissionInterval>
<WSRMSourceExponentialBackoff>on</WSRMSourceExponentialBackoff>
<WSRMSourceMaximumRetransmissions>4</WSRMSourceMaximumRetransmissions>
<WSRMSourceMaximumQueueLength>30</WSRMSourceMaximumQueueLength>
<WSRMSourceRequestAckCount>1</WSRMSourceRequestAckCount>
<WSRMSourceInactivityClose>360</WSRMSourceInactivityClose>
<ForcePolicyExec>on</ForcePolicyExec>
<RewriteErrors>on</RewriteErrors>
<DelayErrors>on</DelayErrors>
<DelayErrorsDuration>1000</DelayErrorsDuration>
<RequestType>json</RequestType>
<ResponseType>preprocessed</ResponseType>
<FollowRedirects>on</FollowRedirects>
<RewriteLocationHeader>off</RewriteLocationHeader>
<StylePolicy class="StylePolicy">APIMockInq</StylePolicy>
<Type>static-backend</Type>
<AllowCompression>off</AllowCompression>
<AllowCacheControlHeader>off</AllowCacheControlHeader>
<PolicyAttachments class="PolicyAttachments">APIMockInq</PolicyAttachments>
<WSMAgentMonitor>off</WSMAgentMonitor>
<WSMAgentMonitorPCM>all-messages</WSMAgentMonitorPCM>
<ProxyHTTPResponse>off</ProxyHTTPResponse>
<TransactionTimeout>0</TransactionTimeout></MultiProtocolGateway></configuration><files><file name="cert:///DEV_API_SSLDPMC.p12" src="cert/DEV_API_SSLDPMC.p12" location="cert" key="true"/><file name="cert:///DEV_API_SSLDPMC.cer" src="cert/DEV_API_SSLDPMC.cer" location="cert" key="true"/><file name="cert:///DEV_API_SSLSBDP.cer" src="cert/DEV_API_SSLSBDP.cer" location="cert" key="true"/><file name="cert:///DEV_API_WSSDPMC.p12" src="cert/DEV_API_WSSDPMC.p12" location="cert" key="true"/><file name="store:///js/jose-decrypt.js" src="store/js/jose-decrypt.js" location="store" hash="69PQEWfZZTDbSmV7nnkd08PZ2iY="/><file name="cert:///DEV_API_WSSDPMC.cer" src="cert/DEV_API_WSSDPMC.cer" location="cert" key="true"/><file name="store:///js/jose-verify.js" src="store/js/jose-verify.js" location="store" hash="xlo9bmM0KhJz6aV0Te8irImbFkA="/><file name="local:///services/APICardAdminInq/js/APICardSchema.json" src="local/services/APICardAdminInq/js/APICardSchema.json" location="local" hash="ZeNqwNTuZgrSf22UENdiMSQ9quM="/><file name="local:///services/APIMockInq/xsl/APIJsonSoap.js" src="local/services/APIMockInq/xsl/APIJsonSoap.js" location="local" hash="CzFaSgbFM1T7dZUEbKHXDo5WBk4="/><file name="local:///services/APICardAdminInq/js/JSAPICardSchema.json" src="local/services/APICardAdminInq/js/JSAPICardSchema.json" location="local" hash="mQvnLvFnlOKw3MXXwbzfTZfk7/k="/><file name="local:///services/APIMockInq/js/JSAPIauth.js" src="local/services/APIMockInq/js/JSAPIauth.js" location="local" hash="LzoRjXKAeimOprzdnJDKPJ3ZwS8="/><file name="local:///commons/aaa/aaa.cardsinfo.xml" src="local/commons/aaa/aaa.cardsinfo.xml" location="local" hash="T0wKgkoPQTOywGiAgES369atdt4="/><file name="local:///services/APIMockInq/xsl/Error_Response.xslt" src="local/services/APIMockInq/xsl/Error_Response.xslt" location="local" hash="0Fx6o0d1t/XdRnW6FqFjtKrMHpY="/><file name="webgui:///clixform.xsl" src="dp-aux/clixform.xsl" location="dp-aux" internal="true" hash="tW2EYQDDFxwJV8wXzdUUkOLODfE="/><file name="webgui:///SchemaUtil.xsl" src="dp-aux/SchemaUtil.xsl" location="dp-aux" internal="true" hash="nYM1At2amG2GrHFboMmJF3GjKno="/><file name="webgui:///management.xsl" src="dp-aux/management.xsl" location="dp-aux" internal="true" hash="jaVBcAZOZmnnAJfQcSbjdqhK1ks="/><file name="webgui:///map-dmz.xsl" src="dp-aux/map-dmz.xsl" location="dp-aux" internal="true" hash="n00B2bmGoH6OdSOW1QRz/SNVbYc="/><file name="webgui:///drMgmt.xml" src="dp-aux/drMgmt.xml" location="dp-aux" internal="true" hash="X9UQbEY4gQoi4sSfpWEviu8RSJ8="/><file name="webgui:///basetypes.xml" src="dp-aux/basetypes.xml" location="dp-aux" internal="true" hash="UkIc6sKzykqNpmVlsHF89TLn2Qo="/></files></datapower-configuration>