<?xml version="1.0" encoding="UTF-8"?>
<con:soapui-project id="089b0d3f-45d4-4cde-93a1-09ac715244cc" activeEnvironment="Default" name="REST APIMockInq" resourceRoot="${projectDir}" soapui-version="5.5.0" abortOnError="false" runType="SEQUENTIAL" xmlns:con="http://eviware.com/soapui/config"><con:settings/><con:interface xsi:type="con:RestService" id="b9f0c17a-45bc-40bd-a155-16ed4c4eb3b0" wadlVersion="http://wadl.dev.java.net/2009/02" name="https://192.168.64.128" type="rest" xmlns:xsi="http://www.w3.org/2001/XMLSchema-instance"><con:settings/><con:definitionCache/><con:endpoints><con:endpoint>https://192.168.64.128</con:endpoint></con:endpoints><con:resource name="APIMockInq" path="/APIMockInq" id="b74868cd-b4e8-4784-a3a0-1749dcc7a90d"><con:settings/><con:parameters/><con:method name="APIMockInq 1" id="8466f4d7-a24e-4064-9319-0c01d92ed2e1" method="POST"><con:settings/><con:parameters/><con:representation type="RESPONSE"><con:mediaType xsi:nil="true"/><con:status>0</con:status><con:params/><con:element>data</con:element></con:representation><con:representation type="FAULT"><con:mediaType>text/xml</con:mediaType><con:status>500</con:status><con:params/><con:element xmlns:soapenv="http://schemas.xmlsoap.org/soap/envelope/">soapenv:Envelope</con:element></con:representation><con:representation type="REQUEST"><con:mediaType>application/json</con:mediaType><con:params/></con:representation><con:representation type="RESPONSE"><con:mediaType>text/xml</con:mediaType><con:status>200</con:status><con:params/><con:element xmlns:soapenv="http://schemas.xmlsoap.org/soap/envelope/">soapenv:Envelope</con:element></con:representation><con:representation type="RESPONSE"><con:mediaType xsi:nil="true"/><con:status>0</con:status><con:params/><con:element>data</con:element></con:representation><con:request name="HTTP-9119" id="93538ddb-a391-4942-bd4e-b19ccb54878a" mediaType="application/json" postQueryString="false"><con:settings><con:setting id="com.eviware.soapui.impl.wsdl.WsdlRequest@request-headers">&lt;xml-fragment/></con:setting></con:settings><con:endpoint>http://192.168.64.128:9119</con:endpoint><con:request>{ "EsbHeader":[ { "TransactionID":"200319044100047", "transactionDate":"2020-03-19", "transactionTime":"16:41:47" } ], "CustomerField":[ { "nroCuentaPrimaria":"1920986257189010", "fecVencimiento":"2020-03-19", "codServicio":"019" } ] }</con:request><con:originalUri>https://192.168.64.128/APIMockInq</con:originalUri><con:credentials><con:authType>No Authorization</con:authType></con:credentials><con:jmsConfig JMSDeliveryMode="PERSISTENT"/><con:jmsPropertyConfig/><con:parameters/><con:parameterOrder/></con:request><con:request name="HTTPS-9120" id="93538ddb-a391-4942-bd4e-b19ccb54878a" mediaType="application/json" postQueryString="false" sslKeystore="DEV_API_SSLDPMC.p12"><con:settings><con:setting id="com.eviware.soapui.impl.wsdl.WsdlRequest@request-headers">&lt;xml-fragment/></con:setting></con:settings><con:endpoint>https://192.168.64.128:9120</con:endpoint><con:request>{ "EsbHeader":[ { "TransactionID":"200319044100047", "transactionDate":"2020-03-19", "transactionTime":"16:41:47" } ], "CustomerField":[ { "nroCuentaPrimaria":"1920986257189010", "fecVencimiento":"2020-03-19", "codServicio":"019" } ] }</con:request><con:originalUri>https://192.168.64.128/APIMockInq</con:originalUri><con:credentials><con:authType>No Authorization</con:authType></con:credentials><con:jmsConfig JMSDeliveryMode="PERSISTENT"/><con:jmsPropertyConfig/><con:parameters/><con:parameterOrder/></con:request><con:request name="Copy of HTTPS-9120" id="93538ddb-a391-4942-bd4e-b19ccb54878a" mediaType="application/json" postQueryString="false" sslKeystore="DEV_API_SSLDPMC.p12"><con:settings><con:setting id="com.eviware.soapui.impl.wsdl.WsdlRequest@request-headers">&lt;xml-fragment/></con:setting></con:settings><con:endpoint>https://192.168.64.128:9120</con:endpoint><con:request>{
   "EsbHeader": [
      {
         "TransactionID": "${#Project#TransactionID}",
         "transactionDate": "${#Project#fecha}",
         "transactionTime": "${#Project#hora}"
      }
   ],
   "CustomerField": [
      {
         "nroCuentaPrimaria": "1920986257189010",
         "fecVencimiento": "${#Project#fechaven}",
         "codServicio": "019"
      }
   ]
}

</con:request><con:originalUri>https://192.168.64.128/APIMockInq</con:originalUri><con:credentials><con:authType>No Authorization</con:authType></con:credentials><con:jmsConfig JMSDeliveryMode="PERSISTENT"/><con:jmsPropertyConfig/><con:parameters/><con:parameterOrder/></con:request></con:method></con:resource></con:interface><con:properties><con:property><con:name>fecha</con:name><con:value>${=new java.text.SimpleDateFormat("yyyy-MM-dd").format(new java.util.Date())}</con:value></con:property><con:property><con:name>hora</con:name><con:value>${=new java.text.SimpleDateFormat("HH:mm:ss").format(new java.util.Date())}</con:value></con:property><con:property><con:name>fechaven</con:name><con:value>${=new java.text.SimpleDateFormat("yyyy-MM-dd").format(new java.util.Date())}</con:value></con:property><con:property><con:name>TransactionID</con:name><con:value>${=new java.text.SimpleDateFormat("yyMMddhhmmsssss").format(new java.util.Date())}</con:value></con:property></con:properties><con:wssContainer><con:crypto><con:source>DEV_API_SSLDPMC.p12</con:source><con:password>0A3FDD1B28404D197DA459B12B0E6EB3</con:password><con:type>KEYSTORE</con:type></con:crypto></con:wssContainer><con:oAuth2ProfileContainer/><con:oAuth1ProfileContainer/><con:sensitiveInformation/></con:soapui-project>