<?xml version="1.0" encoding="UTF-8"?>
<con:soapui-project id="4729d6fc-fc10-47de-bc3d-253964367d8d" activeEnvironment="Default" name="APICardAdminInq" resourceRoot="${projectDir}" soapui-version="5.5.0" abortOnError="false" runType="SEQUENTIAL" xmlns:con="http://eviware.com/soapui/config"><con:settings/><con:interface xsi:type="con:WsdlInterface" id="79195e13-10fb-4f7f-87dd-581f55099d10" wsaVersion="NONE" name="ServiciosAdministativosCodensaSOAP" type="wsdl" bindingName="{http://www.example.org/ServiciosAdministrativosAPI}ServiciosAdministativosCodensaSOAP" soapVersion="1_1" anonymous="optional" definition="file:/D:/DATAPOWER%20VM/DataPower/Periferia%20Propuesta%20API/WSDL/APICardAdminInq.wsdl" xmlns:xsi="http://www.w3.org/2001/XMLSchema-instance"><con:settings/><con:definitionCache type="TEXT" rootPart="file:\D:\DATAPOWER%20VM\DataPower\Periferia%20Propuesta%20API\WSDL\APICardAdminInq.wsdl"><con:part><con:url>file:\D:\DATAPOWER%20VM\DataPower\Periferia%20Propuesta%20API\WSDL\APICardAdminInq.wsdl</con:url><con:content><![CDATA[<wsdl:definitions name="ServiciosAdministativosAPI" targetNamespace="http://www.example.org/ServiciosAdministrativosAPI" xmlns:wsdl="http://schemas.xmlsoap.org/wsdl/" xmlns:soap="http://schemas.xmlsoap.org/wsdl/soap/" xmlns:tns="http://www.example.org/ServiciosAdministrativosAPI" xmlns:xsd="http://www.w3.org/2001/XMLSchema">
  <!--Variables-->
  <wsdl:types>
    <xsd:schema targetNamespace="http://www.example.org/ServiciosAdministrativosAPI" xmlns:mrm="http://www.example.org/ServiciosAdministrativosAPI">
      <xsd:include schemaLocation="APICardAdminInq.xsd"/>
    </xsd:schema>
  </wsdl:types>
  <!--Tipos de Respuesta Activacion de Tarjetas-->
  <wsdl:message name="activacionTarjetas_in">
    <wsdl:part element="tns:activacionTarjetasRequest" name="activacionTarjetasRequest"/>
  </wsdl:message>
  <wsdl:message name="activacionTarjetas_out">
    <wsdl:part element="tns:TarjetasResponse" name="TarjetasResponse"/>
  </wsdl:message>
  <wsdl:message name="activacionTarjetas_faul1">
    <wsdl:part element="tns:TarjetasResponse" name="TarjetasResponse"/>
  </wsdl:message>
  <!--Tipos de Respuesta Asignacion de Tarjetas-->
  <wsdl:message name="asignacionTarjetas_in">
    <wsdl:part element="tns:asignacionTarjetasRequest" name="asignacionTarjetasRequest"/>
  </wsdl:message>
  <wsdl:message name="asignacionTarjetas_out">
    <wsdl:part element="tns:TarjetasResponse" name="TarjetasResponse"/>
  </wsdl:message>
  <wsdl:message name="asignacionTarjetas_faul1">
    <wsdl:part element="tns:TarjetasResponse" name="TarjetasResponse"/>
  </wsdl:message>
  <!--Tipos de Respuesta Bloqueo de Tarjetas-->
  <wsdl:message name="bloqueoTarjetas_in">
    <wsdl:part element="tns:bloqueoTarjetasRequest" name="bloqueoTarjetasRequest"/>
  </wsdl:message>
  <wsdl:message name="bloqueoTarjetas_out">
    <wsdl:part element="tns:TarjetasResponse" name="TarjetasResponse"/>
  </wsdl:message>
  <wsdl:message name="bloqueoTarjetas_faul1">
    <wsdl:part element="tns:TarjetasResponse" name="TarjetasResponse"/>
  </wsdl:message>
  <!--Tipo de puerto operacion funcional Activacion-->
  <wsdl:portType name="ServiciosAdministativosAPI">
    <wsdl:operation name="activacionTarjetas">
      <wsdl:input message="tns:activacionTarjetas_in" name="activacionTarjetas_Input"/>
      <wsdl:output message="tns:activacionTarjetas_out" name="activacionTarjetas_Output"/>
      <wsdl:fault message="tns:activacionTarjetas_faul1" name="activacionTarjetas_Fault"/>
    </wsdl:operation>
    <!--Tipo de puerto operacion funcional Asignacion-->
    <wsdl:operation name="asignacionTarjetas">
      <wsdl:input message="tns:asignacionTarjetas_in" name="asignacionTarjetas_Input"/>
      <wsdl:output message="tns:asignacionTarjetas_out" name="asignacionTarjetas_Output"/>
      <wsdl:fault message="tns:asignacionTarjetas_faul1" name="asignacionTarjetas_Fault"/>
    </wsdl:operation>
    <!--Tipo de puerto operacion funcional Bloqueo-->
    <wsdl:operation name="bloqueoTarjetas">
      <wsdl:input message="tns:bloqueoTarjetas_in" name="bloqueoTarjetas_Input"/>
      <wsdl:output message="tns:bloqueoTarjetas_out" name="bloqueoTarjetas_Output"/>
      <wsdl:fault message="tns:bloqueoTarjetas_faul1" name="bloqueoTarjetas_Fault"/>
    </wsdl:operation>
  </wsdl:portType>
  <!--Protocolo-->
  <wsdl:binding name="ServiciosAdministativosCodensaSOAP" type="tns:ServiciosAdministativosAPI">
    <soap:binding style="document" transport="http://schemas.xmlsoap.org/soap/http"/>
    <wsdl:operation name="activacionTarjetas">
      <soap:operation soapAction="http://www.example.org/ServiciosAdministativosAPI/activacionTarjetas"/>
      <wsdl:input name="activacionTarjetas_Input">
        <soap:body parts="activacionTarjetasRequest" use="literal"/>
      </wsdl:input>
      <wsdl:output name="activacionTarjetas_Output">
        <soap:body parts="TarjetasResponse" use="literal"/>
      </wsdl:output>
      <wsdl:fault name="activacionTarjetas_Fault">
        <soap:fault name="activacionTarjetas_Fault" use="literal"/>
      </wsdl:fault>
    </wsdl:operation>
    <wsdl:operation name="asignacionTarjetas">
      <soap:operation soapAction="http://www.example.org/ServiciosAdministativosAPI/asignacionTarjetas"/>
      <wsdl:input name="asignacionTarjetas_Input">
        <soap:body parts="asignacionTarjetasRequest" use="literal"/>
      </wsdl:input>
      <wsdl:output name="asignacionTarjetas_Output">
        <soap:body parts="TarjetasResponse" use="literal"/>
      </wsdl:output>
      <wsdl:fault name="asignacionTarjetas_Fault">
        <soap:fault name="asignacionTarjetas_Fault" use="literal"/>
      </wsdl:fault>
    </wsdl:operation>
    <wsdl:operation name="bloqueoTarjetas">
      <soap:operation soapAction="http://www.example.org/ServiciosAdministativosAPI/bloqueoTarjetas"/>
      <wsdl:input name="bloqueoTarjetas_Input">
        <soap:body parts="bloqueoTarjetasRequest" use="literal"/>
      </wsdl:input>
      <wsdl:output name="bloqueoTarjetas_Output">
        <soap:body parts="TarjetasResponse" use="literal"/>
      </wsdl:output>
      <wsdl:fault name="bloqueoTarjetas_Fault">
        <soap:fault name="bloqueoTarjetas_Fault" use="literal"/>
      </wsdl:fault>
    </wsdl:operation>
  </wsdl:binding>
  <!--Para donde apunta el servicio-->
  <wsdl:service name="ServiciosAdministativosAPI">
    <wsdl:port binding="tns:ServiciosAdministativosCodensaSOAP" name="ServiciosAdministativosCodensaSOAP">
      <soap:address location="https://www.periferiaitgroupcom/ServicioAdministrativosAPI"/>
    </wsdl:port>
  </wsdl:service>
</wsdl:definitions>]]></con:content><con:type>http://schemas.xmlsoap.org/wsdl/</con:type></con:part><con:part><con:url>file:\D:\DATAPOWER%20VM\DataPower\Periferia%20Propuesta%20API\WSDL\APICardAdminInq.xsd</con:url><con:content><![CDATA[<xsd:schema elementFormDefault="qualified" targetNamespace="http://www.example.org/ServiciosAdministrativosAPI" xmlns:xsd="http://www.w3.org/2001/XMLSchema" xmlns:mrm="http://www.example.org/ServiciosAdministrativosAPI" xmlns:soap="http://schemas.xmlsoap.org/wsdl/soap/" xmlns:soapenv11="http://schemas.xmlsoap.org/soap/envelope/" xmlns:wsdl="http://schemas.xmlsoap.org/wsdl/">
  <!--campos pregunta activacionTarjetasRequest-->
  <xsd:element name="activacionTarjetasRequest" type="mrm:_activacionTarjetasRq"/>
  <xsd:complexType name="_activacionTarjetasRq">
    <xsd:sequence>
      <xsd:element form="qualified" minOccurs="1" maxOccurs="1" name="EsbHeader" type="mrm:_cabeceraSolicitud"/>
      <xsd:element form="qualified" minOccurs="1" maxOccurs="1" name="CustomerField" type="mrm:_activacionSolicitud"/>
    </xsd:sequence>
  </xsd:complexType>
  <!--campos pregunta asignacionTarjetasRequest-->
  <xsd:element name="asignacionTarjetasRequest" type="mrm:_asignacionTarjetasRq"/>
  <xsd:complexType name="_asignacionTarjetasRq">
    <xsd:sequence>
      <xsd:element form="qualified" minOccurs="1" maxOccurs="1" name="EsbHeader" type="mrm:_cabeceraSolicitud"/>
      <xsd:element form="qualified" minOccurs="1" maxOccurs="1" name="CustomerField" type="mrm:_asignacionSolicitud"/>
    </xsd:sequence>
  </xsd:complexType>
  <!--campos pregunta bloqueoTarjetasRequest-->
  <xsd:element name="bloqueoTarjetasRequest" type="mrm:_bloqueoTarjetasRq"/>
  <xsd:complexType name="_bloqueoTarjetasRq">
    <xsd:sequence>
      <xsd:element form="qualified" minOccurs="1" maxOccurs="1" name="EsbHeader" type="mrm:_cabeceraSolicitud"/>
      <xsd:element form="qualified" minOccurs="1" maxOccurs="1" name="CustomerField" type="mrm:_bloqueoSolicitud"/>
    </xsd:sequence>
  </xsd:complexType>
  <!--Campos del mensaje Header-->
  <xsd:complexType name="_cabeceraSolicitud">
    <xsd:sequence>
      <xsd:element name="TransactionID" maxOccurs="1" minOccurs="1" nillable="false">
        <xsd:simpleType>
          <xsd:restriction base="xsd:string">
            <xsd:maxLength value="48"/>
          </xsd:restriction>
        </xsd:simpleType>
      </xsd:element>
      <xsd:element form="qualified" minOccurs="1" maxOccurs="1" name="transactionDate" type="xsd:date"/>
      <xsd:element form="qualified" minOccurs="1" maxOccurs="1" name="transactionTime" type="xsd:time"/>
    </xsd:sequence>
  </xsd:complexType>
  <!--Campos del mensaje solicitud  activacionTarjetasRequest-->
  <xsd:complexType name="_activacionSolicitud">
    <xsd:sequence>
      <xsd:element name="nroCuentaPrimaria" maxOccurs="1" minOccurs="1" nillable="false">
        <xsd:simpleType>
          <xsd:restriction base="xsd:string">
            <xsd:minLength value="16"/>
            <xsd:maxLength value="19"/>
            <xsd:pattern value="([0-9]*)"/>
          </xsd:restriction>
        </xsd:simpleType>
      </xsd:element>
      <xsd:element form="qualified" minOccurs="1" maxOccurs="1" name="fecVencimiento" type="xsd:date"/>
      <xsd:element name="codServicio" maxOccurs="1" minOccurs="1" nillable="false">
        <xsd:simpleType>
          <xsd:restriction base="xsd:string">
            <xsd:maxLength value="3"/>
            <xsd:pattern value="([0-9]*)"/>
          </xsd:restriction>
        </xsd:simpleType>
      </xsd:element>
    </xsd:sequence>
  </xsd:complexType>
  <!--Campos del mensaje solicitud  asignacionTarjetasRequest-->
  <xsd:complexType name="_asignacionSolicitud">
    <xsd:sequence>
      <xsd:element name="nroCuentaPrimaria" maxOccurs="1" minOccurs="1" nillable="false">
        <xsd:simpleType>
          <xsd:restriction base="xsd:string">
            <xsd:minLength value="16"/>
            <xsd:maxLength value="19"/>
            <xsd:pattern value="([0-9]*)"/>
          </xsd:restriction>
        </xsd:simpleType>
      </xsd:element>
      <xsd:element name="VerificacionPIN" maxOccurs="1" minOccurs="1" nillable="false">
        <xsd:simpleType>
          <xsd:restriction base="xsd:string">
            <xsd:maxLength value="3"/>
            <xsd:pattern value="([0-9]*)"/>
          </xsd:restriction>
        </xsd:simpleType>
      </xsd:element>
    </xsd:sequence>
  </xsd:complexType>
  <!--Campos del mensaje solicitud  bloqueoTarjetasRequest-->
  <xsd:complexType name="_bloqueoSolicitud">
    <xsd:sequence>
      <xsd:element name="nroCuentaPrimaria" maxOccurs="1" minOccurs="1" nillable="false">
        <xsd:simpleType>
          <xsd:restriction base="xsd:string">
            <xsd:minLength value="16"/>
            <xsd:maxLength value="19"/>
            <xsd:pattern value="([0-9]*)"/>
          </xsd:restriction>
        </xsd:simpleType>
      </xsd:element>
    </xsd:sequence>
  </xsd:complexType>
  <!--campos respuesta TarjetasResponse-->
  <xsd:element name="TarjetasResponse" type="mrm:_APIResponse"/>
  <xsd:complexType name="_APIResponse">
    <xsd:sequence>
      <xsd:element name="nroAutorizacion" type="xsd:string"/>
      <xsd:element name="estado" type="xsd:string"/>
      <xsd:element name="codRespuesta" type="xsd:string"/>
      <xsd:element name="descRespuesta" type="xsd:string"/>
      <xsd:element name="descError" type="xsd:string" maxOccurs="1" minOccurs="0" nillable="true"/>
    </xsd:sequence>
  </xsd:complexType>
</xsd:schema>]]></con:content><con:type>http://www.w3.org/2001/XMLSchema</con:type></con:part></con:definitionCache><con:endpoints><con:endpoint>https://192.168.64.128:9106/ServicioAdministrativosAPI</con:endpoint><con:endpoint>https://www.periferiaitgroupcom/ServicioAdministrativosAPI</con:endpoint></con:endpoints><con:operation id="c57c210b-96d6-4893-9b2e-06c96f9f57a0" isOneWay="false" action="http://www.example.org/ServiciosAdministativosAPI/activacionTarjetas" name="activacionTarjetas" bindingOperationName="activacionTarjetas" type="Request-Response" outputName="activacionTarjetas_Output" inputName="activacionTarjetas_Input" receivesAttachments="false" sendsAttachments="false" anonymous="optional"><con:settings/><con:call id="0100ec34-b06b-4ea0-9074-e5e81e0ad29c" name="HTTP-9106"><con:settings><con:setting id="com.eviware.soapui.impl.wsdl.WsdlRequest@request-headers">&lt;xml-fragment/></con:setting></con:settings><con:encoding>UTF-8</con:encoding><con:endpoint>http://192.168.64.128:9106/ServicioAdministrativosAPI</con:endpoint><con:request><![CDATA[<soapenv:Envelope xmlns:soapenv="http://schemas.xmlsoap.org/soap/envelope/" xmlns:ser="http://www.example.org/ServiciosAdministrativosAPI">\r
   <soapenv:Header/>\r
   <soapenv:Body>\r
      <ser:activacionTarjetasRequest>\r
         <ser:EsbHeader>\r
            <ser:TransactionID>${#Project#TransactionID}</ser:TransactionID>\r
            <ser:transactionDate>${#Project#fecha}</ser:transactionDate>\r
            <ser:transactionTime>${#Project#hora}</ser:transactionTime>\r
         </ser:EsbHeader>\r
         <ser:CustomerField>\r
            <ser:nroCuentaPrimaria>190986257189010</ser:nroCuentaPrimaria>\r
            <ser:fecVencimiento>${#Project#fecha}</ser:fecVencimiento>\r
            <ser:codServicio>019</ser:codServicio>\r
         </ser:CustomerField>\r
      </ser:activacionTarjetasRequest>\r
   </soapenv:Body>\r
</soapenv:Envelope>]]></con:request><con:credentials><con:authType>No Authorization</con:authType></con:credentials><con:jmsConfig JMSDeliveryMode="PERSISTENT"/><con:jmsPropertyConfig/><con:wsaConfig mustUnderstand="NONE" version="200508" action="http://www.example.org/ServiciosAdministativosAPI/activacionTarjetas"/><con:wsrmConfig version="1.2"/></con:call></con:operation><con:operation id="438be057-2cad-417d-9c14-d42769e66966" isOneWay="false" action="http://www.example.org/ServiciosAdministativosAPI/asignacionTarjetas" name="asignacionTarjetas" bindingOperationName="asignacionTarjetas" type="Request-Response" outputName="asignacionTarjetas_Output" inputName="asignacionTarjetas_Input" receivesAttachments="false" sendsAttachments="false" anonymous="optional"><con:settings/><con:call id="c2f939c1-76a9-435c-b685-6b6c2feb569a" name="Request 1"><con:settings/><con:encoding>UTF-8</con:encoding><con:endpoint>https://www.periferiaitgroupcom/ServicioAdministrativosAPI</con:endpoint><con:request><![CDATA[<soapenv:Envelope xmlns:soapenv="http://schemas.xmlsoap.org/soap/envelope/" xmlns:ser="http://www.example.org/ServiciosAdministrativosAPI">\r
   <soapenv:Header/>\r
   <soapenv:Body>\r
      <ser:asignacionTarjetasRequest>\r
         <ser:EsbHeader>\r
            <ser:TransactionID>?</ser:TransactionID>\r
            <ser:transactionDate>?</ser:transactionDate>\r
            <ser:transactionTime>?</ser:transactionTime>\r
         </ser:EsbHeader>\r
         <ser:CustomerField>\r
            <ser:nroCuentaPrimaria>?</ser:nroCuentaPrimaria>\r
            <ser:VerificacionPIN>?</ser:VerificacionPIN>\r
         </ser:CustomerField>\r
      </ser:asignacionTarjetasRequest>\r
   </soapenv:Body>\r
</soapenv:Envelope>]]></con:request><con:jmsConfig JMSDeliveryMode="PERSISTENT"/><con:wsaConfig mustUnderstand="NONE" version="200508" action="http://www.example.org/ServiciosAdministativosAPI/asignacionTarjetas"/></con:call></con:operation><con:operation id="09666464-7c44-42f6-ba47-21cd3f172647" isOneWay="false" action="http://www.example.org/ServiciosAdministativosAPI/bloqueoTarjetas" name="bloqueoTarjetas" bindingOperationName="bloqueoTarjetas" type="Request-Response" outputName="bloqueoTarjetas_Output" inputName="bloqueoTarjetas_Input" receivesAttachments="false" sendsAttachments="false" anonymous="optional"><con:settings/><con:call id="c802120a-4bb6-47d6-a7f8-d2f437c3bf31" name="Request 1"><con:settings/><con:encoding>UTF-8</con:encoding><con:endpoint>https://www.periferiaitgroupcom/ServicioAdministrativosAPI</con:endpoint><con:request><![CDATA[<soapenv:Envelope xmlns:soapenv="http://schemas.xmlsoap.org/soap/envelope/" xmlns:ser="http://www.example.org/ServiciosAdministrativosAPI">\r
   <soapenv:Header/>\r
   <soapenv:Body>\r
      <ser:bloqueoTarjetasRequest>\r
         <ser:EsbHeader>\r
            <ser:TransactionID>?</ser:TransactionID>\r
            <ser:transactionDate>?</ser:transactionDate>\r
            <ser:transactionTime>?</ser:transactionTime>\r
         </ser:EsbHeader>\r
         <ser:CustomerField>\r
            <ser:nroCuentaPrimaria>?</ser:nroCuentaPrimaria>\r
         </ser:CustomerField>\r
      </ser:bloqueoTarjetasRequest>\r
   </soapenv:Body>\r
</soapenv:Envelope>]]></con:request><con:jmsConfig JMSDeliveryMode="PERSISTENT"/><con:wsaConfig mustUnderstand="NONE" version="200508" action="http://www.example.org/ServiciosAdministativosAPI/bloqueoTarjetas"/></con:call></con:operation></con:interface><con:properties><con:property><con:name>fecha</con:name><con:value>${=new java.text.SimpleDateFormat("yyyy-MM-dd").format(new java.util.Date())}</con:value></con:property><con:property><con:name>hora</con:name><con:value>${=new java.text.SimpleDateFormat("HH:mm:ss").format(new java.util.Date())}</con:value></con:property><con:property><con:name>fechaven</con:name><con:value>${=new java.text.SimpleDateFormat("yyyy-MM-dd").format(new java.util.Date())}</con:value></con:property><con:property><con:name>TransactionID</con:name><con:value>${=new java.text.SimpleDateFormat("yyMMddhhmmsssss").format(new java.util.Date())}</con:value></con:property></con:properties><con:wssContainer/><con:oAuth2ProfileContainer/><con:oAuth1ProfileContainer/><con:sensitiveInformation/></con:soapui-project>