<?xml version="1.0" encoding="UTF-8"?>
<aaa:AAAInfo xmlns:aaa="http://www.datapower.com/AAAInfo" xmlns:dpfunc="http://www.datapower.com/extensions/functions">
   <aaa:FormatVersion>1</aaa:FormatVersion>
   <aaa:Filename>local:///commons/aaa/AAAInfo.xml</aaa:Filename>
   <aaa:Summary/>
   
   <aaa:Authenticate>
      <aaa:DN>C=CO, ST=CUNDINAMARCA, L=BOGOTA DC, O=PERIFERIA IT, OU=INTEGRACION, CN=DEV_API_WSSSBDP</aaa:DN>
      <aaa:OutputCredential>periferiawss</aaa:OutputCredential>
   </aaa:Authenticate>
      
</aaa:AAAInfo>